ID projet,Titre ,Secteur CICID,Agence,Bénéficaire,Pays,Région,Latitude,Longitude,Lien vers fiche de performance,Commentaires,Autorisation de publication,point_geographique
CTD3012 / CTD1173,PASST 1 et 2,Santé et lutte contre le sida,AGENCE DE N'DJAMENA,REPUBLIQUE DU TCHAD,REPUBLIQUE DU TCHAD,Afrique Sub-saharienne,12.1248495,15.0308618,https://www.afd.fr/fr/ressources/resume-devaluation-projets-dappui-au-secteur-de-la-sante-au-tchad-passt-1-et-2-0,,,"12.1248495,15.0308618"
CKH3004,Aménagement urbain de Siem Reap / Angkor,Environnement et ressources naturelles,AGENCE DE PHNOM PENH,ROYAUME DU CAMBODGE,CAMBODGE,Asie,11.558831,104.917445,https://www.afd.fr/sites/afd/files/2018-03-12-49-25/fiche-performance-cambodge-siem-reap-afd-urbain.pdf,,OUI,"11.558831,104.917445"
CKM1067,Projet De renforcement des Services de l'Eau de l'UCEA et de l'UCEM,Eau et assainissement,AGENCE DE MORONI,UNION DES COMITES DE L'EAU D'ANJOUAN,COMORES,Afrique Sub-saharienne,-11.70046,43.0,https://www.afd.fr/sites/afd/files/2020-01-03-48-24/resume-evaluation-projet-renforcement-services-eau-ReSEAU-anjouan-moheli-CKM1067.pdf,,OUI,"-11.70046,43.0"
CKM3000,Adduction d'eau potable rurale aux Comores,Eau et assainissement,AGENCE DE MORONI,UNION DES COMORES,COMORES,Afrique Sub-saharienne,-11.70046,43.0,https://www.afd.fr/sites/afd/files/2020-01-03-52-33/resume-evaluation-projet-appui-gestion-eau-communautaire-PAGEC-anjouan-moheli-CKM3000.pdf,,OUI,"-11.70046,43.0"
CET1029,Ferme éolienne d'Ashegoda dans la région du Tigray en Ethiopie,Infrastructures et développement urbain,AGENCE D'ADDIS-ABEBA,ETHIOPIAN ELECTRIC POWER,ETHIOPIE,Afrique Sub-saharienne,9.0166005,38.7577605,https://www.afd.fr/sites/afd/files/2019-04-09-30-11/CET1029-evaluation-summary-ethiopia-wind-power.pdf,,OUI,"9.0166005,38.7577605"
CGA1134,Programme d’assainissement prioritaire de Libreville (APRIL),Eau et assainissement,AGENCE DE LIBREVILLE,REPUBLIQUE DU GABON,GABON,Afrique Sub-saharienne,0.390841,9.0,https://www.afd.fr/sites/afd/files/2020-01-03-17-59/resume-evaluation-programme-assainissement-prioritaire-libreville-APRIL-gabon-CGA1134-6000-6011.pdf,,OUI,"0.390841,9.0"
CGH1088,District Development Facility,Infrastructures et développement urbain,AGENCE D'ACCRA,REPUBLIQUE DU GHANA,GHANA,Afrique Sub-saharienne,5.0,0.0,https://www.afd.fr/sites/afd/files/2019-12-02-13-42/evaluation-summary-district-development-facility-ddf-ghana-CGH1088.pdf,,OUI,"5.0,0.0"
CLB1021,Projet AEP Liban Sud,Eau et assainissement,AGENCE DE BEYROUTH,REPUBLIQUE LIBANAISE,LIBAN,Méditerranée,33.8886289,35.0,https://www.afd.fr/sites/afd/files/2020-01-04-05-34/resume-evaluation-projet-adduction-eau-potable-liban-sud-CLB1021.pdf,,OUI,"33.8886289,35.0"
CLB3010,Evaluation Ligne de crédit concessionnel à Byblos pour le financement de prêts étudiants (universités privées),Education,AGENCE DE BEYROUTH,BYBLOS BANK SAL,LIBAN,Méditerranée,33.8886289,35.0,https://www.afd.fr/fr/ressources/resume-devaluation-ligne-de-credit-pour-des-prets-etudiants-liban,,OUI,"33.8886289,35.0"
CLB1079,FEPV,Education,AGENCE DE BEYROUTH,Institut européen de coopération et de développement,LIBAN,Méditerranée,33.8886289,35.0,https://www.afd.fr/fr/ressources/resume-devaluation-evaluation-mi-parcours-projet-formation-et-employabilite-des-populations-vulnerables-impactees-par-la-crise-syrienne-au-liban,,OUI,"33.8886289,35.0"
CMG6004,Appui au redressement de la JIRAMA,Infrastructures et développement urbain,AGENCE D'ANTANANARIVO,REPUBLIQUE DE MADAGASCAR,MADAGASCAR,Afrique Sub-saharienne,-18.913503,47.5293392,https://www.afd.fr/sites/afd/files/2019-04-09-37-55/CMG6004-resume-evaluation-madagascar-energie.pdf,,OUI,"-18.913503,47.5293392"
CML1199,Projet d'alimentation en eau potable et d'assainissement de centres semi-urbains du sud Mali,Infrastructures et développement urbain,AGENCE DE BAMAKO,COMMUNE 2 DE BAMAKO,MALI,Afrique Sub-saharienne,12.0,-7.0,https://www.afd.fr/sites/afd/files/2019-12-03-05-09/resume-evaluation-projet-alimentation-eau-potable-assainissement-centres-semi-urbains-sud-mali-phase-1-CML1199.pdf,,OUI,"12.0,-7.0"
CML1221,Amélioration de l'offre d'enseignement fondamental dans le district de Bamako (1er cycle public),Education,AGENCE DE BAMAKO,REPUBLIQUE DU MALI,MALI,Afrique Sub-saharienne,12.0,-7.0,https://www.afd.fr/fr/ressources/resume-devaluation-projet-damelioration-de-loffre-denseignement-fondamental-au-mali-paoefm,,OUI,"12.0,-7.0"
CMA1217,CHRAFATE PACE,Secteur productif,AGENCE DE RABAT,TOUIZA SOLIDARITE,MAROC,Méditerranée,34.015049,-6.83272,https://www.afd.fr/fr/ressources/resume-devaluation-appui-la-creation-dentreprises-pour-les-populations-defavorisees-de-la-province-de-fahs-anjra-maroc-pace-fahs-anjra,,OUI,"34.015049,-6.83272"
CNE3006,Projet d'appui au secteur de la santé au Niger,Santé et lutte contre le sida,AGENCE DE NIAMEY,REPUBLIQUE DU NIGER,NIGER,Afrique Sub-saharienne,13.512668,2.0,https://www.afd.fr/sites/afd/files/2020-01-03-44-37/resume-evaluation-appui-plan-developpement-sanitaire-PDS-fonds-commun%20sant%C3%A9-CNE3006-1127.pdf,,OUI,"13.512668,2.0"
CSN1351,Evaluation Contribution au plan de redressement du secteur de l’électricité au Sénégal,Infrastructures et développement urbain,AGENCE DE DAKAR,REPUBLIQUE DU SENEGAL,SENEGAL,Afrique Sub-saharienne,14.0,-17.4396603,https://www.afd.fr/sites/afd/files/2020-01-03-58-36/resume-evaluation-contribution-plan-redressement-secteur-electricite-senegal-CSN1351.pdf,,OUI,"14.0,-17.4396603"
CPS1024/1022,Municipal Development Program (MDP) Phase 1,Infrastructures et développement urbain,AGENCE DE JERUSALEM,TERRITOIRES AUTONOMES PALESTINIENS,TERRITOIRES AUTONOMES PALESTINIENS,Méditerranée,31.0,35.0,https://www.afd.fr/sites/afd/files/2019-12-02-40-04/evaluation-summary-first-phase-municipal-development-program-mdp-palestine-CPS1024-1022.pdf,,OUI,"31.0,35.0"
CPS1019,Assainissement Nord Gaza II,Eau et assainissement,AGENCE DE JERUSALEM,TERRITOIRES AUTONOMES PALESTINIENS,TERRITOIRES AUTONOMES PALESTINIENS,Méditerranée,31.0,35.0,https://www.afd.fr/en/ressources/evaluation-summary-north-gaza-emergency-sewage-treatment-plant-ngest-gaza-strip-palestine,,OUI,"31.0,35.0"
CTG3009,Éducation pour tous,Education,AGENCE DE LOME,REPUBLIQUE DU TOGO,TOGO,Afrique Sub-saharienne,6.1267204,1.2169797,https://www.afd.fr/sites/afd/files/2019-04-09-46-36/CTG3009-resume-evaluation-togo-education.pdf,,OUI,"6.1267204,1.2169797"
CTG1140,Appui au développement de l'institution de microfinance WAGES,Secteur productif,AGENCE DE LOME,WAGES,TOGO,Afrique Sub-saharienne,6.1267204,1.2169797,,,NON,"6.1267204,1.2169797"
CVN1073,Infrastructures hydroagricoles de la province de Ninh Thuan,Agriculture et sécurité alimentaire,AGENCE D'HANOI,REPUBLIQUE SOCIALISTE DU VIETNAM,VIET-NAM,Asie,21.0,105.8432883,https://www.afd.fr/sites/afd/files/2019-04-04-45-12/CVN1073-1128-evaluation-summary-vietnam-irrigation.pdf,,OUI,"21.0,105.8432883"
CVN1126,Fin. Invest. fds municipal HCMV,Infrastructures et développement urbain,AGENCE D'HANOI,REPUBLIQUE SOCIALISTE DU VIETNAM,VIET-NAM,Asie,21.0,105.8432883,https://www.afd.fr/sites/afd/files/2019-04-04-48-51/CVN1126-evaluation-summary-vietnam-financial-intermediaries.pdf,,OUI,"21.0,105.8432883"
CZA3010/6007/6009,Prêt de 40 M Euros à la RMB pour contribuer aux programmes de logement accessibles,Infrastructures et développement urbain,AGENCE DE JOHANNESBOURG,FIRSTRAND BANK LIMITED REG,AFRIQUE DU SUD,Afrique Sub-saharienne,-26.07467,28.03023,https://www.afd.fr/sites/afd/files/2019-04-10-11-42/CZA3010-6007-6009-evaluation-summary-south-africa-low-cost-housing.pdf,,OUI,"-26.07467,28.03023"
CZZ3054,Initiative régionale pour la gestion des déchets solides dans le Pacifique,Environnement et ressources naturelles,AGENCE DE NOUMEA,Secretariat of the Pacific Regional Environment,MULTI-PAYS,Outre-Mer,-22.299859,166.437754,https://www.afd.fr/sites/afd/files/2019-04-04-52-04/CZZ3054-evaluation-summary-south-pacific-region-waste-management-disposal.pdf,,OUI,"-22.299859,166.437754"
CZZ1770-1707,Appui au Pôle de Dakar en vue d'accompagner l'amélioration de l'éducation en Afrique,Education,SIEGE PARIS - OPERATIONS SIEGE,INSTITUT INTERNATIONAL DE PLANIFICATION DE L'EDUCA,MULTI-PAYS,Afrique Sub-saharienne,48.8442306,2.3784529,http://www.iiep.unesco.org/sites/default/files/pdk_2018_eval_rapport_final_forwebsite.pdf,le résumé commence à la page 12 du document,OUI,"48.8442306,2.3784529"
CZZ2108,Evaluation APCC Crise syrienne - PUI,Agriculture et sécurité alimentaire,SIEGE PARIS - OPERATIONS SIEGE,Union nationale des Maisons familiales rurales,MULTI-PAYS,Afrique Sub-saharienne,48.8442306,2.3784529,https://www.afd.fr/fr/ressources/resume-devaluation-resilience-sociale-au-moyen-orient-protection-sociale-de-proximite-au-sein-de-neuf-municipalites,,OUI,"48.8442306,2.3784529"
CZZ2109,Evaluation APCC Crise syrienne - PUI,Santé et lutte contre le sida,SIEGE PARIS - OPERATIONS SIEGE,Première Urgence Internationale,MULTI-PAYS,Afrique Sub-saharienne,48.8442306,2.3784529,https://www.afd.fr/fr/ressources/resume-devaluation-resilience-sociale-au-moyen-orient-acces-la-sante-leducation-et-aux-soins-psychosociaux-pour-les-refugies-syriens-et-les-communautes-hotes,,OUI,"48.8442306,2.3784529"
CZZ1432,CAPAF CGAP,Secteur productif,SIEGE PARIS - OPERATIONS SIEGE,CONSULTATIVE GROUP TO ASSIST THE POOR,MULTI-PAYS,Afrique Sub-saharienne,48.8442306,2.3784529,https://www.afd.fr/fr/ressources/resume-devaluation-renforcement-des-capacites-des-imf-en-afrique-francophone,,OUI,"48.8442306,2.3784529"
CBF3031,Centres secondaires,Infrastructures et développement urbain,AGENCE DE OUAGADOUGOU,SONABEL,BURKINA FASO,Afrique Sub-saharienne,12.2823,-1.0794,https://www.afd.fr/fr/ressources/resume-evaluation-projet-centres-secondaires-burkina-faso,,OUI,"12.2823,-1.0794"
CMZ1075,Quirimbas II,environnement et ressources naturelles,AGENCE DE MAPUTO,MOZAMBIQUE,MOZAMBIQUE,Afrique Sub-saharienne,-26.0432,32.5827,https://www.afd.fr/fr/ressources/resume-evaluation-projets-consolidation-parc-national-quirimbas-et-adaptation-changement-climatique-mozambique,,OUI,"-26.0432,32.5827"
CGN1143,Rizi-Pisciculture en Guinée Forestière (PDRP-GF),,AGENCE DE CONAKRY,REPUBLIQUE DE GUINEE,REPUBLIQUE DE GUINEE,Afrique Sub-saharienne,9.587029,-13.67847,https://www.afd.fr/fr/ressources/resume-evaluation-developpement-rizi-pisciculture-guinee-forestiere,,OUI,"9.587029,-13.67847"
CTN1156,Jeunes à Medenine,Secteur productif,AGENCE DE TUNIS,REPUBLIQUE TUNISIENNE,TUNISIE,Afrique du nord,36.729,10.1651,https://www.afd.fr/fr/ressources/resume-evaluation-tounes-tekhdem-appui-insertion-jeunes-creation-entreprises-region-medenine,,oui,"36.729,10.1651"
CTD1125,HPTC2  - Almy Al Afia,,AGENCE DE N'DJAMENA,REPUBLIQUE DU TCHAD,REPUBLIQUE DU TCHAD,,12.0272,15.0513,https://www.afd.fr/fr/ressources/resume-evaluation-programme-hydraulique-pastoral-tchad-central-2eme-phase-almy-al-afia-2,,OUI,"12.1248495,15.0308618"
CML1386,I.SAH - SDNM II,Agriculture et sécurité alimentaire,AGENCE DE BAMAKO,MALI,MALI,GRAND SAHEL,12.65295,-7.986482,https://www.afd.fr/fr/ressources/resume-evaluation-mi-parcours-projet-sdnm2-mali,,OUI,"12.65295,-7.986482"
CCI1368,C2D 1 PARFACI,Agriculture et sécurité alimentaire,AGENCE D'ABIDJAN,RCI,COTE D'IVOIRE,Afrique Sub-saharienne,5.3573542,-3.9658004,https://www.afd.fr/fr/ressources/resume-evaluation-appui-relance-filieres-agricoles-cote-d-ivoire-parfaci,,OUI,"5.3573542,-3.9658004"
CBJ1191,PASMI,Santé et lutte contre le sida,AGENCE DE COTONOU,BENIN,BENIN,Afrique Sub-saharienne,6.366667,2.4333333,https://www.afd.fr/fr/ressources/resume-evaluation-grappe-projets-muskoka-senegal-benin-centrafrique,,OUI,"6.366667,2.4333333"
CML1237,Offre éducative priv,"Education, formation, emploi",AGENCE DE BAMAKO,BNDA MALI,MALI,Afrique Sub-saharienne,12.65295,-7.986482,https://www.afd.fr/fr/ressources/resume-evaluation-appuis-afd-banque-nationale-de-developpement-agricole-bnda-mali,,OUI,"12.65295,-7.986482"
CMR1196,PADCS,Hors secteurs CICID,AGENCE DE NOUAKCHOTT,AFD,MAURITANIE,Afrique Sub-saharienne,18.084061,-15.97842,https://www.afd.fr/fr/ressources/resume-evaluation-appui-democratie-et-cohesion-sociale-mauritanie-padcs,,OUI,"18.084061,-15.97842"
CCF3014,THIMO IV,Eau et assainissement,AGENCE DE BANGUI,REPUBLIQUE CENTRAFRICAINE,REPUBLIQUE CENTRAFRICAINE,Afrique Sub-saharienne,4.361698,18.555975,https://www.afd.fr/fr/ressources/resume-devaluation-projet-de-rehabilitation-du-reseau-de-drainage-pluvial-de-la-ville-de-bangui,,OUI,"4.361698,18.555975"
CBJ6000,Evaluation Education pour tous  EPT 1,Education,AGENCE DE COTONOU,REPUBLIQUE DU BENIN,BENIN,Afrique Sub-saharienne,6.3666667,2.4333333,https://www.afd.fr/fr/ressources/resume-devaluation-programme-education-pour-tous-au-benin-ept-1,,OUI,"6.3666667,2.4333333"
CCM1281,Evaluation d’une grappe de projets d’investissements hospitaliers privés à but non lucratif - Cameroon Baptist Convention (CBC),Santé et lutte contre le sida,AGENCE DE YAOUNDE,REPUBLIQUE DU CAMEROUN,CAMEROUN,Afrique Sub-saharienne,3.873659,11.0,https://www.afd.fr/sites/afd/files/2019-12-10-48-47/resume-evaluation-cameroon-baptist-convention-cbc-CCM1281.pdf,,OUI,"3.873659,11.0"
CCM6013,Programme d'amélioration de la compétitivité des exploitations familiales agropastorales,Agriculture et sécurité alimentaire,AGENCE DE YAOUNDE,REPUBLIQUE DU CAMEROUN,CAMEROUN,Afrique Sub-saharienne,3.873659,11.0,https://www.afd.fr/sites/afd/files/2019-12-10-30-58/resume-evaluation-programme-amelioration-competitivite-exploitations-familiales-agropastorales-acefa-c2d-cameroun-CCM6013.pdf,,OUI,"3.873659,11.0"
CKM1072,Projet d'appui à l'amélioration de la qualité des soins et au renforcement des capacités de Caritas Comores,Santé et lutte contre le sida,AGENCE DE MORONI,CARITAS COMORES,COMORES,Afrique Sub-saharienne,-11.70046,43.0,https://www.afd.fr/sites/afd/files/2019-04-09-36-09/CKM1072-resume-evaluation-comores-sante.pdf,,OUI,"-11.70046,43.0"
CKM1073,Evaluation Micofinance  PARSA - Projet de contribution au développement et à la professionnalisation du secteur de la microfinance Sanduk,Secteur productif,AGENCE DE MORONI,UNION REGIONALE DES SANDUK D'ANJOUAN,COMORES,Afrique Sub-saharienne,-11.70046,43.0,https://www.afd.fr/fr/ressources/resume-devaluation-projet-dappui-et-de-renforcement-des-sanduk-danjouan-parsa-comores,,OUI,"-11.70046,43.0"
CKM1077,Evaluation Projet de refinancement des Sanduk (PRSA),Secteur productif,AGENCE DE MORONI,UNION REGIONALE DES SANDUK D'ANJOUAN,COMORES,Afrique Sub-saharienne,-11.70046,43.0,https://www.afd.fr/fr/ressources/resume-devaluation-projet-de-refinancement-des-sanduk-prsa-comores,,OUI,"-11.70046,43.0"
CGH1087,Procredit upscaling to mesofinance,Secteur productif,AGENCE D'ACCRA,PROCREDIT GHANA,GHANA,Afrique Sub-saharienne,5.555717,-0.196306,https://www.afd.fr/sites/afd/files/2019-04-09-31-30/CGH1087-evaluation-summary-ghana-finance.pdf,,OUI,"5.555717,-0.196306"
,Renforcement des performances techniques et financières du secteur de l'eau en Jordanie,Eau et assainissement,AGENCE D'AMMAN,ROYAUME DE JORDANIE,JORDANIE,Méditerranée,31.0,35.0,https://www.afd.fr/sites/afd/files/2019-07-09-53-49/wspl-jordan-afd-kfw-joint-interim-evaluation.pdf,,,"31.0,35.0"
CLB1023,Villes de Tripoli et de Tyr : CHUD (Cultural Heritage and Urban Development) phase I,Infrastructures et développement urbain,AGENCE DE BEYROUTH,REPUBLIQUE LIBANAISE,LIBAN,Méditerranée,33.8886289,35.0,https://www.afd.fr/sites/afd/files/2020-01-04-12-00/resume-evaluation-programme-valorisation-patrimoine-developpement-urbain-tyr-et-tripoli-CLB1023-3002.pdf,,OUI,"33.8886289,35.0"
CLA3006,Second phase water supply distribution extension in Vientiane project (AEP2),Eau et assainissement,AGENCE DE VENTIANE,REPUBLIQUE DEMOCRATIQUE POPULAIRE LAOS,LAOS,Asie,17.0,102.0,https://www.afd.fr/sites/afd/files/2018-03-09-34-46/fiche-performance%20-water-supply-distribution-extension-vientiane-laos.pdf,,OUI,"17.0,102.0"
CMG1167,Gestion durable de la ressource crevettière malgache,Environnement et ressources naturelles,AGENCE D'ANTANANARIVO,REPUBLIQUE DE MADAGASCAR,MADAGASCAR,Afrique Sub-saharienne,-18.0,47.0,https://www.afd.fr/sites/afd/files/2018-03-12-52-48/fiche-performance-peche-madagascar-afd.pdf,,OUI,"-18.0,47.0"
CML1202,Projet d'alimentation en eau potable de 21 centres ruraux et semi-urbains des cercles de Nioro,Eau et assainissement,AGENCE DE BAMAKO,REPUBLIQUE DU MALI,MALI,Afrique Sub-saharienne,12.0,-7.0,https://www.afd.fr/sites/afd/files/2019-12-03-20-06/resume-evaluation-projet-alimentation-eau-potable-centres%20ruraux-semi-urbains-nioro-diema-mali-CML1202.pdf,,OUI,"12.0,-7.0"
CMA6036,Appui aux urgences et aux greffes,Santé et lutte contre le sida,AGENCE DE RABAT,ROYAUME DU MAROC,MAROC,Méditerranée,34.015049,-6.83272,,,OUI,"34.015049,-6.83272"
CMR3007,Projet d’équipement et de renforcement des capacités des communes et de la communauté urbaine de Nouakchott - PERCCUN,Infrastructures et développement urbain,AGENCE DE NOUAKCHOTT,COMMUNAUTE URBAINE DE NOUAKCHOTT,MAURITANIE,Afrique Sub-saharienne,18.0,-15.97842,,,,"18.0,-15.97842"
CNE3005,Hydraulique villageoise dans la région de Tahoua,Eau et assainissement,AGENCE DE NIAMEY,REPUBLIQUE DU NIGER,NIGER,Afrique Sub-saharienne,13.512668,2.0,https://www.afd.fr/sites/afd/files/2019-04-09-44-18/CNE3005-resume-evaluation-niger-eau-et-assainissement.pdf,,OUI,"13.512668,2.0"
CSN6031,Evaluation Soutien à la restructuration financière et institutionnelle de la SENELEC,Infrastructures et développement urbain,AGENCE DE DAKAR,REPUBLIQUE DU SENEGAL,SENEGAL,Afrique Sub-saharienne,14.0,-17.4396603,https://www.afd.fr/sites/afd/files/2020-01-04-03-36/resume-evaluation-soutien-restructuration-financiere-et-institutionnelle-SENELEC-CSN6031.pdf,,OUI,"14.0,-17.4396603"
CTG1107,Aménagement et réfection d'infrastructures hydrauliques dans la région des plateaux,Eau et assainissement,AGENCE DE LOME,REPUBLIQUE DU TOGO,TOGO,Afrique Sub-saharienne,6.1267204,1.2169797,https://www.afd.fr/fr/ressources/resume-d-evaluation-projet-hydraulique-villageoise-region-des-plateaux-phvrp-togo,,OUI,"6.1267204,1.2169797"
CTN6011,Evaluation Metro léger de Tunis,Infrastructures et développement urbain,AGENCE DE TUNIS,REPUBLIQUE TUNISIENNE,TUNISIE,Méditerranée,36.0,10.16596,https://www.afd.fr/fr/ressources/resume-devaluation-projet-de-modernisation-des-infrastructures-du-metro-leger-de-tunis,,OUI,"36.0,10.16596"
CTN6012,Evaluation Mise à niveau des circuits de distribution des produits agricoles et de la pêche,Agriculture et sécurité alimentaire,AGENCE DE TUNIS,REPUBLIQUE TUNISIENNE,TUNISIE,Méditerranée,36.0,10.16596,https://www.afd.fr/fr/ressources/resume-devaluation-programme-de-mise-niveau-des-circuits-de-distribution-tunisie,,OUI,"36.0,10.16596"
CVN1163/CVN1180/CVN1195,Aide budgétaire Changement climatique,Hors secteurs CICID,AGENCE D'HANOI,REPUBLIQUE SOCIALISTE DU VIETNAM,VIET-NAM,Asie,21.0,105.8432883,https://www.afd.fr/sites/afd/files/2019-04-09-50-31/CVN1163-1180-1195-evaluation-summary-vietnam-environmental-policy-administrative-management.pdf,,-,"21.0,105.8432883"
CVN3013,Programme d'alimentation en eau potable villes secondaires Delta du Mekong,Eau et assainissement,AGENCE D'HANOI,REPUBLIQUE SOCIALISTE DU VIETNAM,VIET-NAM,Asie,21.0,105.8432883,https://www.afd.fr/sites/afd/files/2019-04-04-56-24/CVN3013-resume-evaluation-vietnam-eau-et-assainissement.pdf,,OUI,"21.0,105.8432883"
CZZ1431,Programme d'appui à la sécurité alimentaire et nutritionnelle en Afrique de l'Ouest,Agriculture et sécurité alimentaire,AGENCE D'ABUJA,COMMUNAUTE ECONOMIQUE DES ETATS DE L'AFRIQUE,MULTI-PAYS,Afrique Sub-saharienne,9.058036,7.489061,https://www.afd.fr/sites/afd/files/2019-04-09-58-24/CZZ1431-resume-evaluation-multi-pays-afrique-ouest-securite-alimentaire.pdf,,OUI,"9.058036,7.489061"
CZZ2107,Evaluation APCC Crise syrienne - PUI,Agriculture et sécurité alimentaire,SIEGE PARIS - OPERATIONS SIEGE,COMITE CATHOLIQUE FAIM ET DEVELOPPEMENT,MULTI-PAYS,Afrique Sub-saharienne,48.8442306,2.3784529,https://www.afd.fr/fr/ressources/resume-devaluation-resilience-sociale-au-moyen-orient-lacces-la-sante-outil-de-prevention-des-tensions,,OUI,"48.8442306,2.3784529"
CZZ6700,PRCC IGP Afrique - OAPI,Secteur productif,SIEGE PARIS - OPERATIONS SIEGE,Organisation Africaine de Propriété Intellectuelle,MULTI-PAYS,Afrique Sub-saharienne,48.8442306,2.3784529,https://www.afd.fr/fr/ressources/resume-devaluation-appui-la-mise-en-place-des-indications-geographiques-dans-les-etats-membres-de-loapi-pampig,,OUI,"48.8442306,2.3784529"
CNA3001,Nampower Caprivi,Infrastructures et développement urbain,AGENCE DE JOHANNESBOURG,NAMIBIA POWER CORPORATION PTY LTD,NAMIBIE,Afrique Sub-saharienne,-26.07467,28.03023,https://www.afd.fr/sites/afd/files/2019-12-11-34-46/evaluation-summary-nampower-caprivi-link-interconnector-project-namibia-CNA3001.pdf,,OUI,"-26.07467,28.03023"
CBF1140,HYDR. PROXIMITE-Progr.applicat. réforme gestion équipts eau potable en milieu rural et semi urbain,Eau et assainissement,AGENCE DE OUAGADOUGOU,REPUBLIQUE DU BURKINA FASO,BURKINA FASO,Afrique Sub-saharienne,12.2823,-1.0794,https://www.afd.fr/sites/afd/files/2019-04-04-35-27/CBF1140-1170-resume-evaluation-burkina-faso.pdf,,OUI,"12.2823,-1.0794"
CGN3000 / CGN1184,PACV 2eme phase,Agriculture et sécurité alimentaire,AGENCE DE CONAKRY,REPUBLIQUE DE GUINEE,REPUBLIQUE DE GUINEE,,9.537029,-13.67847,https://www.afd.fr/fr/ressources/resume-evaluation-programme-appui-communautes-villageoises-pacv2-pacv3-guinee,,OUI,"9.537029,-13.67847"
CCI1434,C2D 2 FADCI + CV19R,Agriculture et sécurité alimentaire,AGENCE D'ABIDJAN,RCI,COTE D IVOIRE,Afrique Sub-saharienne,16.0720626,-11.8974012,https://www.afd.fr/fr/ressources/resume-evaluation-projets-cacao-ami-des-forets-et-redd-la-me,,OUI,"16.0720626,-11.8974012"
CID1056,PT SMI,Infrastructures et développement urbain,AGENCE DE JAKARTA,PT-SMI,INDONESIE,Orient(s),-6.21569,106.83406,https://www.afd.fr/en/ressources/evaluation-summary-first-green-credit-line-pt-sarana-multi-infrastruktur-persero,,OUI,"-6.21569,106.83406"
CKE1010,KWS MERU,Agriculture et sécurité alimentaire,AGENCE DE NAIROBI,KENYA,KENYA,Afrique Sub-saharienne,-1.274359,36.813106,https://www.afd.fr/fr/ressources/resume-evaluation-interventions-aires-protegees-afd-et-ffem-conservation-et-developpement,,OUI,"-1.274359,36.813106"
CGN3002,Programme Education,Education,AGENCE DE CONAKRY,REPUBLIQUE DE GUINEE,REPUBLIQUE DE GUINEE,Afrique Sub-saharienne,9.587029,-13.67847,https://www.afd.fr/fr/ressources/resume-devaluation-appui-au-programme-sectoriel-de-leducation-pse-guinee,,OUI,"9.587029,-13.67847"
CPE1022,MiVivienda 2,Infrastructures et développement urbain,AGENCE DE LIMA,MIVIVIENDA,PEROU,Amériques,-9.189967,-75.015152,https://www.afd.fr/es/ressources/resumen-evaluacion-proyectos-fondo-mivivienda-peru,,OUI,"-9.189967,-75.015152"
CBF1257,Evaluation Centrale solaire Zagtouli,Infrastructures et développement urbain,AGENCE DE OUAGADOUGOU,REPUBLIQUE DU BURKINA FASO,BURKINA FASO,Afrique Sub-saharienne,12.2823,-1.0794,https://www.afd.fr/sites/afd/files/2020-01-04-44-50/resume-evaluation-centrale-solaire-zagtouli-CBF1257.pdf,,OUI,"12.2823,-1.0794"
CZZ1420,BOAD agriculture2009,Agriculture et sécurité alimentaire,AGENCE DE LOME,BOAD,MULTI-PAYS,Afrique Sub-saharienne,6.1267204,1.2169797,https://www.afd.fr/fr/ressources/resume-evaluation-grappe-projets-banque-ouest-africaine-de-developpement-boad,,OUI,"6.1267204,1.2169797"
CBR1046,Programme «gestion pour la citoyenneté» de l'Etat du Minas Gerais pour la réduction des inégalités et la résilience aux changements climatiques,Infrastructures et développement urbain,AGENCE DE BRASILIA,ETAT DU MINAS GERAIS,BRESIL,Amérique Latine et Caraïbes,-23.5586901,-46.6566512,https://www.afd.fr/sites/afd/files/2019-04-04-37-38/CBR1046-resume-evaluation-bresil-aide-plurisectorielle-services-sociaux-base.pdf,,OUI,"-23.5586901,-46.6566512"
CZZ1420,BOAD agriculture2009,Agriculture et sécurité alimentaire,SIEGE PARIS - OPERATIONS SIEGE,BOAD,MULTI-PAYS,Afrique Sub-saharienne,6.1267204,1.2169797,https://www.afd.fr/fr/ressources/resume-evaluation-grappe-projets-banque-ouest-africaine-de-developpement-boad,,OUI,"6.1267204,1.2169797"
CKH1075,construction de l'usine de traitement d'eau potable de Niroth de la PPWSA,Eau et assainissement,AGENCE DE PHNOM PENH,PHNOM PENH WATER SUPPLY AUTHORITY,CAMBODGE,Asie,11.558831,104.917445,https://www.afd.fr/en/ressources/evaluation-summary-niroth-water-production-facilities-phase-1-cambodia,,OUI,"11.558831,104.917445"
CZZ1717,BOAD LC Energie IRED,Infrastructures et développement urbain,AGENCE DE LOME,BOAD,MULTI-PAYS,Afrique Sub-saharienne,12.2534408,2.4339594,https://www.afd.fr/fr/ressources/resume-evaluation-grappe-projets-banque-ouest-africaine-de-developpement-boad,,OUI,"12.2534408,2.4339594"
CCM1159/3017,Initiative PPTE dans le domaine de l'éducation au Cameroun,Education,AGENCE DE YAOUNDE,REPUBLIQUE DU CAMEROUN,CAMEROUN,Afrique Sub-saharienne,3.873659,11.0,https://www.afd.fr/sites/afd/files/2019-05-10-57-57/fiche-performance-CCM1159-c2d-education-cameroun.pdf,,OUI,"3.873659,11.0"
CZZ3056,Appui CSRP,Environnement et ressources naturelles,AGENCE DE DAKAR,CSRP,MULTI-PAYS,Afrique Sub-saharienne,14.6633857,-17.4396603,https://www.afd.fr/fr/ressources/resume-evaluation-interventions-aires-protegees-afd-et-ffem-conservation-et-developpement,,OUI,"14.6633857,-17.4396603"
CCM3005,Réduire la pauvreté en milieu rural et appuyer le processus de décentralisation,Agriculture et sécurité alimentaire,AGENCE DE YAOUNDE,REPUBLIQUE DU CAMEROUN,CAMEROUN,Afrique Sub-saharienne,3.873659,11.0,https://www.afd.fr/sites/afd/files/2019-12-10-14-27/resume-evaluation-cameroun-programme-national-developpement-participatif-CCM3005-CCM1253.pdf,,OUI,"3.873659,11.0"
CCM6015,"Programme d'appui à la rénovation et au développement de la formation professionnelle dans les secteurs de l'agriculture, de l'élevage et de la pêche",Agriculture et sécurité alimentaire,AGENCE DE YAOUNDE,REPUBLIQUE DU CAMEROUN,CAMEROUN,Afrique Sub-saharienne,3.873659,11.0,https://www.afd.fr/sites/afd/files/2019-12-10-40-40/resume-evaluation-programme-appui-renovation-et-developpement-formation-professionnelle-agriculture-elevage-peche-afop-c2d-cameroun-CCM6015.pdf,,OUI,"3.873659,11.0"
CCN1028,Réseau de chauffage urbain à Taiyuan,Environnement et ressources naturelles,AGENCE DE PEKIN,REPUBLIQUE POPULAIRE DE CHINE,CHINE,Asie,39.904667,116.408198,https://www.afd.fr/sites/afd/files/2019-04-04-39-06/CCN1028-evaluation-summary-china-environmental-policy-administrative-management.pdf,,OUI,"39.904667,116.408198"
CID1025,Développement d'insfrastructures de surveillance océanographique,Environnement et ressources naturelles,AGENCE DE JAKARTA,Republic of Indonesia,INDONESIE,Asie,-6.21569,106.83406,https://www.afd.fr/sites/afd/files/2019-04-09-33-47/CID1025-evaluation-summary-indonesia-natural-resources-environment.pdf,,OUI,"-6.21569,106.83406"
CJO3008,Extension de l'optimisation de l'irrigation dans la vallée du Jourdain - IOJoV,Agriculture et sécurité alimentaire,AGENCE D'AMMAN,ROYAUME DE JORDANIE,JORDANIE,Méditerranée,31.0,35.0,https://www.afd.fr/sites/afd/files/2019-12-11-39-14/evaluation-summary-irrigation-optimization-jordan-valley-project-iojov-CJO3008.pdf,,OUI,"31.0,35.0"
,Prêt de 150 millions d'euros de politique publique sectorielle en appui au renforcement des performances techniques et financières du secteur de l'eau en Jordanie,Eau et assainissement,AGENCE D'AMMAN,ROYAUME DE JORDANIE,JORDANIE,Méditerranée,31.0,35.0,https://www.afd.fr/sites/afd/files/2019-07-09-53-49/wspl-jordan-afd-kfw-joint-interim-evaluation.pdf,,,"31.0,35.0"
CKE1032,Ligne de crédit concessionnelle investissements efficacité énergétique et énergie renouvelable,Environnement et ressources naturelles,AGENCE DE NAIROBI,REPUBLIQUE DU KENYA,KENYA,Afrique Sub-saharienne,-1.274359,36.0,https://www.afd.fr/sites/afd/files/2019-04-09-35-01/CKE1032-evaluation-summary-kenya-productive-financial-sector.pdf,,-,"-1.274359,36.0"
CMG3004 et 1253,Evaluation PRCC 1 et 2 - Outils pour la promotion des exportations malgaches,Secteur productif,AGENCE D'ANTANANARIVO,REPUBLIQUE DE MADAGASCAR,MADAGASCAR,Afrique Sub-saharienne,-18.913503,47.5293392,https://www.afd.fr/fr/ressources/resume-devaluation-programmes-de-renforcement-des-capacites-commerciales-1-et-2-prcc-madagascar,,OUI,"-18.913503,47.5293392"
CML6006,Projet d’alimentation en eau potable et d’assainissement de centres semi-urbains du sud Mali – Phase 2,Eau et assainissement,AGENCE DE BAMAKO,REPUBLIQUE DU MALI,MALI,Afrique Sub-saharienne,12.0,-7.0,https://www.afd.fr/sites/afd/files/2019-12-03-27-34/resume-evaluation-projet-alimentation-eau-potable%20-assainissement-centres-semi-urbains-sud-mali-phase-2-CML6006.pdf,,OUI,"12.0,-7.0"
CMU1021,"instances Aide programme environnement - Maurice, Ile Durable",Environnement et ressources naturelles,AGENCE DE PORT LOUIS,REPUBLIQUE DE MAURICE,MAURICE,Afrique Sub-saharienne,-20.165279,57.49638,https://www.afd.fr/sites/afd/files/2019-04-04-40-50/CMU1021-resume-evaluation-maurice-environnement-gestion-administrative.pdf,,OUI,"-20.165279,57.49638"
CMU1062,Appui budgétaire énergie verte,Infrastructures et développement urbain,AGENCE DE PORT LOUIS,REPUBLIQUE DE MAURICE,MAURICE,Afrique Sub-saharienne,-20.165279,57.49638,https://www.afd.fr/sites/afd/files/2019-04-04-42-00/CMU1062-resume-evaluation-maurice-environnement-gestion-administrative.pdf,,OUI,"-20.165279,57.49638"
CNE1105,projet d'appui à l'élevage dans le département de Zinder,Agriculture et sécurité alimentaire,AGENCE DE NIAMEY,REPUBLIQUE DU NIGER,NIGER,Afrique Sub-saharienne,13.512668,2.0,https://www.afd.fr/sites/afd/files/2020-01-03-37-32/resume-evaluation-projet-securisation-systemes-pastoraux-PSSP-region-zinder-CNE-1105.pdf,,OUI,"13.512668,2.0"
CNE1138,Appui à la sécurité alimentaire au Niger,Agriculture et sécurité alimentaire,AGENCE DE NIAMEY,REPUBLIQUE DU NIGER,NIGER,Afrique Sub-saharienne,13.512668,2.0,https://www.afd.fr/sites/afd/files/2019-04-09-43-19/CNE1138-resume-evaluation-niger-securite-alimentaire.pdf,,OUI,"13.512668,2.0"
CCD1061,"Projet d'appui à l'éducation primaire dans les trois provinces de Bas-Congo, de Kinshasa et du Bandundu",Education,AGENCE DE KINSHASA,REPUBLIQUE DEMOCRATIQUE DU CONGO,REPUBLIQUE DEMOCRATIQUE DU CONGO,Afrique Sub-saharienne,-4.320836,15.29866,https://www.afd.fr/sites/afd/files/2019-04-09-25-00/CCD1061-resume-evaluation-RDC-education-de-base.pdf,,OUI,"-4.320836,15.29866"
CSN6007,Programme d'appui aux communautés rurales de la vallée du fleuve Sénégal pour favoriser l'investissement et le partenariat public/privé,Agriculture et sécurité alimentaire,AGENCE DE DAKAR,REPUBLIQUE DU SENEGAL,SENEGAL,Afrique Sub-saharienne,14.0,-17.4396603,https://www.afd.fr/sites/afd/files/2019-04-04-43-11/CSN6007-resume-evaluation-senegal-developpement-agricole.pdf,,OUI,"14.0,-17.4396603"
CTZ1006,Small Towns Water Supply and Sanitation Project,Eau et assainissement,AGENCE DE DAR ES SALAAM,REPUBLIQUE UNIE DE TANZANIE,TANZANIE,Afrique Sub-saharienne,-1.274359,36.0,https://www.afd.fr/sites/afd/files/2019-12-02-33-47/evaluation-summary-small-towns-water%20supply-sanitation-project-STWSSP-tanzania-CTZ1006.pdf,,OUI,"-1.274359,36.0"
CTG3004,Projet d’appui à la sécurité transfusionnelle et de lutte contre le VIH /sida,Santé et lutte contre le sida,AGENCE DE LOME,REPUBLIQUE DU TOGO,TOGO,Afrique Sub-saharienne,6.1267204,1.2169797,https://www.afd.fr/sites/afd/files/2020-01-03-03-01/resume-evaluation-projet-appui-securite-transfusionnelle-et-lutte-contre-VIH-sida-togo-CTG%203004.pdf,,OUI,"6.1267204,1.2169797"
CTG3002,Programme environnement urbain à Lomé,Infrastructures et développement urbain,AGENCE DE LOME,REPUBLIQUE DU TOGO,TOGO,Afrique Sub-saharienne,6.1267204,1.2169797,https://www.afd.fr/sites/afd/files/2019-04-09-45-55/CTG3002-resume-evaluation-togo-assainissement-solide-et-pluvial.pdf,,OUI,"6.1267204,1.2169797"
CTN6002,Programme national de réhabilitation des quartiers populaires (PRNQP 3),Infrastructures et développement urbain,AGENCE DE TUNIS,REPUBLIQUE TUNISIENNE,TUNISIE,Méditerranée,36.0,10.16596,https://www.afd.fr/sites/afd/files/2018-04-04-00-17/fiche-performance-programme-national-rehabilitation-quartiers-populaires-tunisie.pdf,,OUI,"36.0,10.16596"
CTN6004,Evaluation Quatrième programme de mise à niveau des entreprises (PME ),Secteur productif,AGENCE DE TUNIS,REPUBLIQUE TUNISIENNE,TUNISIE,Méditerranée,36.0,10.16596,https://www.afd.fr/fr/ressources/resume-devaluation-quatrieme-ligne-de-credit-de-restructuration-financiere-lcrf-des-pme-en-tunisie,,OUI,"36.0,10.16596"
CTR1026/1045/1057,Soutien au développement durable dans le secteur forestier,Environnement et ressources naturelles,AGENCE D'ISTANBUL,REPUBLIQUE DE TURQUIE,TURQUIE,Méditerranée,41.081686,29.015962,https://www.afd.fr/sites/afd/files/2019-04-09-49-04/CTR1026-1045-1057-evaluation-summary-turkey-forestry.pdf,,-,"41.081686,29.015962"
CVN1074,Développement du système d’infrastructures hydrauliques de la province de Son La,Agriculture et sécurité alimentaire,AGENCE D'HANOI,REPUBLIQUE SOCIALISTE DU VIETNAM,VIET-NAM,Asie,21.0,105.8432883,https://www.afd.fr/sites/afd/files/2018-12-05-50-53/fiche-performance-projet-irrigation-province-son-la-vietnam.pdf,,OUI,"21.0,105.8432883"
CVN1078,Third line of credit and accompanying measures to Vietnam Bank for Agricultural and Rural Development (VBARD),Secteur Productif,AGENCE D'HANOI,REPUBLIQUE SOCIALISTE DU VIETNAM,VIET-NAM,Asie,21.0,105.8432883,,,OUI,"21.0,105.8432883"
CVN1125-02,Financement des programmes prioritaires d'infrastructures et d'équipements urbains des villes de Da Nang et Can Tho,Infrastructures et développement urbain,AGENCE D'HANOI,REPUBLIQUE SOCIALISTE DU VIETNAM,VIET-NAM,Asie,21.0,105.8432883,https://www.afd.fr/sites/afd/files/2019-04-04-47-38/CVN1125-02-evaluation-summary-vietnam-financial-intermediaries.pdf,,OUI,"21.0,105.8432883"
CZA1101,Financement partiel du budget d'investissement de la ville du Cap,Infrastructures et développement urbain,AGENCE DE JOHANNESBOURG,City of Cape Town,AFRIQUE DU SUD,Afrique Sub-saharienne,-26.07467,28.03023,https://www.afd.fr/sites/afd/files/2019-04-10-31-38/CZA1101-1125-evaluation-summary-south-africa-urban-development.pdf,,OUI,"-26.07467,28.03023"
CZA1114,Financement de la politique de transformation spatiale de Johannesbourg,Infrastructures et développement urbain,AGENCE DE JOHANNESBOURG,Ville de Johannesburg,AFRIQUE DU SUD,Afrique Sub-saharienne,-26.07467,28.03023,https://www.afd.fr/sites/afd/files/2019-04-09-54-42/CZA1114-evaluation-summary-south-africa-urban-development.pdf,,-,"-26.07467,28.03023"
CZA6012,Ferme éolienne de SERE (100MW) ESKOM - Afrique du Sud,Infrastructures et développement urbain,AGENCE DE JOHANNESBOURG,ESKOM,AFRIQUE DU SUD,Afrique Sub-saharienne,-26.07467,28.03023,https://www.afd.fr/sites/afd/files/2019-04-09-56-11/CZA6012-evaluation-summary-south-africa-wind-power.pdf,,OUI,"-26.07467,28.03023"
CZZ1369,Poursuite du soutien à l'ABN projet GIRE,Eau et assainissement,AGENCE DE NIAMEY,AUTORITE DU BASSIN DU NIGER,MULTI-PAYS,Afrique Sub-saharienne,13.512668,2.0,https://www.afd.fr/sites/afd/files/2019-04-09-57-17/CZZ1369-resume-evaluation-multi-pays-bassin-transfrontalier.pdf,,-,"13.512668,2.0"
CZZ1570-1847,MAD de l'OIE d'une expertise technique pour l'amélioration de la gouvernance vétérinaire,Agriculture et sécurité alimentaire,SIEGE PARIS - OPERATIONS SIEGE,Organisation mondiale de la santé animale,MULTI-PAYS,SIEGE PARIS - OPERATIONS SIEGE,48.8442306,2.3784529,https://www.afd.fr/sites/afd/files/2019-04-09-59-26/CZZ1570-1847-multi-pays-agriculture-securite-alimentaire.pdf,,-,"48.8442306,2.3784529"
CZZ1579,Ecole et langue nationale en Afrique,Education,SIEGE PARIS - OPERATIONS SIEGE,ORGANISATION INTERNATIONALE DE LA FRANCOPHONIE,MULTI-PAYS,Afrique Sub-saharienne,48.8442306,2.3784529,https://www.afd.fr/sites/afd/files/2019-04-05-23-04/CZZ1579-evaluation-initiative-elan-afrique.pdf,,OUI,"48.8442306,2.3784529"
CPS1076-CPS1077,SPEED (phase II),Environnement et ressources naturelles,AGENCE DE JERUSALEM,TERRITOIRES AUTONOMES PALESTINIENS,TERRITOIRES AUTONOMES PALESTINIENS,Méditerranée,31.0,35.0,https://www.afd.fr/en/ressources/evaluation-summary-sustainable-energy-efficiency-development-palestine-speed-project,,OUI,"31.0,35.0"
CML1350,LdC BNDA 2014,Secteur productif,AGENCE DE BAMAKO,BNDA MALI,MALI,Afrique Sub-saharienne,12.65295,-7.986482,https://www.afd.fr/fr/ressources/resume-evaluation-appuis-afd-banque-nationale-de-developpement-agricole-bnda-mali,,OUI,"12.65295,-7.986482"
CML1422,Ligne de crédit BNDA,Secteur productif,AGENCE DE BAMAKO,BNDA MALI,MALI,Afrique Sub-saharienne,12.65295,-7.986482,https://www.afd.fr/fr/ressources/resume-evaluation-appuis-afd-banque-nationale-de-developpement-agricole-bnda-mali,,OUI,"12.65295,-7.986482"
CMR1201,I.SAH PECOBAT,"Education, formation, emploi",AGENCE DE NOUAKCHOTT,OIT,MAURITANIE,Afrique Sub-saharienne,18.084061,-15.97842,https://www.afd.fr/fr/ressources/resume-evaluation-evaluation-mi-parcours-projet-pecobat-mauritanie,,OUI,"18.084061,-15.97842"
CMX1018,BioMex,Environnement et ressources naturelles,AGENCE DE MEXICO,MEXIQUE,MEXIQUE,Amériques,19.4270499,-99.1275711,https://www.afd.fr/es/ressources/resumen-evaluacion-prestamos-presupuestarios-politica-publica-conservacion-biodiversidad-bioconnect-biomex,,OUI,"19.4270499,-99.1275711"
CMX1021,Protect biodiversité,Environnement et ressources naturelles,AGENCE DE MEXICO,SEMARNAT,MEXIQUE,Amériques,19.4270499,-99.1275711,https://www.afd.fr/fr/ressources/resume-evaluation-interventions-aires-protegees-afd-et-ffem-conservation-et-developpement,,OUI,"19.4270499,-99.1275711"
CSN1366,santé maternelle inf,Santé et lutte contre le sida,AGENCE DE DAKAR,SENEGAL,SENEGAL,Afrique Sub-saharienne,14.6633857,-17.4396603,https://www.afd.fr/fr/ressources/resume-evaluation-grappe-projets-muskoka-senegal-benin-centrafrique,,OUI,"14.6633857,-17.4396603"
CZZ1625,BOADsecteurprivé2010,Secteur productif,SIEGE PARIS - OPERATIONS SIEGE,BOAD,MULTI-PAYS,Afrique Sub-saharienne,6.1267204,1.2169797,https://www.afd.fr/fr/ressources/resume-evaluation-grappe-projets-banque-ouest-africaine-de-developpement-boad,,OUI,"6.1267204,1.2169797"
CZZ2045,BOAD Consolidation,Secteur productif,AGENCE DE LOME,BOAD,MULTI-PAYS,Afrique Sub-saharienne,6.1267204,1.2169797,https://www.afd.fr/fr/ressources/resume-evaluation-grappe-projets-banque-ouest-africaine-de-developpement-boad,,OUI,"6.1267204,1.2169797"
CCF1164,PARC (Projet d'appui au renforcement des capacités),Hors secteurs CICID,AGENCE DE BANGUI,REPUBLIQUE CENTRAFRICAINE,REPUBLIQUE CENTRAFRICAINE,Afrique Sub-saharienne,4.361698,18.555975,https://www.afd.fr/fr/ressources/resume-devaluation-programme-dappui-au-renforcement-des-capacites-des-maitrises-douvrage-en-rca-parc-zingo,,OUI,"4.361698,18.555975"
CHT1044 et 3005,"Evaluation Programme sectoriel irrigation : irrigation et entreprenariat rural dans les régions Ouest, Artibonite et Plateau central",Agriculture et sécurité alimentaire,AGENCE DE PORT-AU-PRINCE,REPUBLIQUE D'HAITI,HAITI,Amérique Latine et Caraïbes,18.5420538,-72.3362929,https://www.afd.fr/sites/afd/files/2019-12-03-56-00/resume-evaluation--programme-sectoriel-irrigation-haiti-CHT1044-3005.pdf,,,"18.5420538,-72.3362929"
CHT1072,CPEJ,Education,AGENCE DE PORT-AU-PRINCE,REPUBLIQUE D'HAITI,HAITI,Amérique Latine et Caraïbes,18.5420538,-72.3362929,https://www.afd.fr/fr/ressources/resume-devaluation-competences-pour-lemploi-des-jeunes-haiti,,OUI,"18.5420538,-72.3362929"
CBR1042,Politique de transports collectifs de l'Etat de Rio de Janeiro,Infrastructures et développement urbain,AGENCE DE BRASILIA,ETAT DE RIO DE JANEIRO,BRESIL,Amérique Latine et Caraïbes,-23.5586901,-46.6566512,https://www.afd.fr/sites/afd/files/2019-04-04-36-41/CBR1042-resume-evaluation-bresil-transport-urbain.pdf,,OUI,"-23.5586901,-46.6566512"
CCI1366,Projet de renforcement du système de santé,Santé et lutte contre le sida,AGENCE D'ABIDJAN,REPUBLIQUE DE COTE D'IVOIRE,COTE D'IVOIRE,Afrique Sub-saharienne,5.3573542,-3.9658004,https://ec.europa.eu/echo/sites/echo-site/files/2._health_evaluation_annexes.pdf,page 59 à page 118,OUI,"5.3573542,-3.9658004"
CCM6014,Programme d'appui à la maitrise d'ouvrage des administrations du secteur rural,Agriculture et sécurité alimentaire,AGENCE DE YAOUNDE,REPUBLIQUE DU CAMEROUN,CAMEROUN,Afrique Sub-saharienne,3.873659,11.0,https://www.afd.fr/sites/afd/files/2019-12-10-34-03/resume-evaluation-programme-appui-maitrise-ouvrage-administrations-secteur-rural-amo-CCM6014.pdf,,OUI,"3.873659,11.0"
CCO1027,Prêt souverain en appui à la réforme de la politique de protection sociale de l'Etat Colombien,Santé et lutte contre le sida,AGENCE DE BOGATA,REPUBLIQUE DE COLOMBIE,COLOMBIE,Amérique Latine et Caraïbes,4.6772654,-74.0462634,https://www.afd.fr/sites/afd/files/2019-07-03-43-11/CCO1027-resumen-evalucacion-colombia-salud.pdf,,-,"4.6772654,-74.0462634"
CID3004,réhabilitation des infrastructures de drainage de Banda Aceh,Eau et assainissement,AGENCE DE JAKARTA,Republic of Indonesia,INDONESIE,Asie,-6.21569,106.83406,https://www.afd.fr/sites/afd/files/2019-04-04-53-23/CID3004-evaluation-summary-indonesia-sanitation.pdf,,OUI,"-6.21569,106.83406"
CLB3000,Projet AEP et assainissement au Liban Nord,Eau et assainissement,AGENCE DE BEYROUTH,REPUBLIQUE LIBANAISE,LIBAN,Méditerranée,33.8886289,35.0,https://www.afd.fr/sites/afd/files/2020-01-04-23-52/resume-evaluation-projection-adduction-eau-potable-assainissement-liban-nord-CLB3000.pdf,,OUI,"33.8886289,35.0"
CLA3010,Programme Patrimoine et développement urbain Luang Prabang,Infrastructures et développement urbain,AGENCE DE VENTIANE,REPUBLIQUE DEMOCRATIQUE POPULAIRE LAOS,LAOS,Asie,17.9653695,102.6130238,https://www.afd.fr/sites/afd/files/2019-04-09-36-54/CLA3010-evaluation-summary-lao-pdr-urban-development.pdf,,OUI,"17.9653695,102.6130238"
CMA1195,Tramway Casablanca,Infrastructures et développement urbain,AGENCE DE RABAT,CASA TRANSPORT,MAROC,Méditerranée,34.015049,-6.83272,https://www.tresor.economie.gouv.fr/Articles/2018/02/27/financement-du-tramway-de-casablanca,,OUI,"34.015049,-6.83272"
CNE1164,Fonds Commun santé 3,Santé et lutte contre le sida,AGENCE DE NIAMEY,REPUBLIQUE DU NIGER,NIGER,Afrique Sub-saharienne,13.512668,2.0,https://www.afd.fr/fr/ressources/resume-devaluation-fonds-commun-sante-fcs-niger,,OUI,"13.512668,2.0"
CCD3006,Alimentation en eau potable de communes de la banlieue de Kinshasa et de communes du Bas-Congo,Eau et assainissement,AGENCE DE KINSHASA,REPUBLIQUE DEMOCRATIQUE DU CONGO,REPUBLIQUE DEMOCRATIQUE DU CONGO,Afrique Sub-saharienne,-4.320836,15.29866,https://www.afd.fr/sites/afd/files/2019-04-09-26-02/CCD3006-resume-evaluation-rdc-eau-et-assainissement.pdf,,OUI,"-4.320836,15.29866"
CCD1049,Evaluation d’une grappe de projets d’investissements hospitaliers privés à but non lucratif - PROMEKIN,Santé et lutte contre le sida,AGENCE DE KINSHASA,REPUBLIQUE DEMOCRATIQUE DU CONGO,REPUBLIQUE DEMOCRATIQUE DU CONGO,Afrique Sub-saharienne,-4.320836,15.29866,https://www.afd.fr/sites/afd/files/2020-01-03-24-47/resume-evaluation-promekin-rdc-CCD1049.pdf,,OUI,"-4.320836,15.29866"
CTN3003,Programme de partenariat tuniso-français pour la formation professionnelle,Education,AGENCE DE TUNIS,REPUBLIQUE TUNISIENNE,TUNISIE,Méditerranée,36.0,10.16596,,,NON,"36.0,10.16596"
CTN6016,"Soutien au développement social dans les quartiers défavorisés de Tunis, Sfax, Sousse et Kairouan",Infrastructures et développement urbain,AGENCE DE TUNIS,REPUBLIQUE TUNISIENNE,TUNISIE,Méditerranée,36.0,10.16596,https://www.afd.fr/sites/afd/files/2019-04-09-47-52/CTN6016-resume-evaluation-tunisie-developpement-et-gestion-urbaine.pdf,,-,"36.0,10.16596"
CTR1033,Evaluation Extension de la ligne de metro M2 au centre multimodal de yenikapi,Infrastructures et développement urbain,AGENCE D'ISTANBUL,Municipalité Métropolitaine d'Istanbul,TURQUIE,Méditerranée,41.081686,29.015962,https://www.afd.fr/en/ressources/evaluation-summary-sishane-yenikapi-metro-extension-project-metropolitan-municipality-istanbul,,OUI,"41.081686,29.015962"
CZZ6003,OMVS GIRE,Eau et assainissement,SIEGE PARIS - OPERATIONS SIEGE,ORGANISATION POUR MISE EN VALEUR DU FLEUVE SENEGAL,MULTI-PAYS,Afrique Sub-saharienne,48.8442306,2.3784529,https://www.afd.fr/fr/ressources/resume-devaluation-appui-omvs-pour-la-gestion-integree-des-ressources-en-eau,,,"48.8442306,2.3784529"
CBF1259/CBF1299,PME Burkina,Education,AGENCE DE OUAGADOUGOU,BURKINA FASO,BURKINA FASO,Afrique Sub-saharienne,12.2823,-1.0794,https://www.afd.fr/fr/ressources/resume-evaluation-appui-pme-afd-programmes-education-burkina-faso,,OUI,"12.2823,-1.0794"
CCI1201,C2D 1 DEFI,Education,AGENCE D'ABIDJAN,RCI,COTE D'IVOIRE,Afrique Sub-saharienne,5.3573542,-3.9658004,https://www.afd.fr/fr/ressources/resume-evaluation-sous-projet-phase-1-projet-c2d-emploi-activites-thimo-cote-d-ivoire,,OUI,"5.3573542,-3.9658004"
CML3002 / CML1236,PISE 2,"Education, formation, emploi",AGENCE DE BAMAKO,MALI,MALI,GRAND SAHEL,12.65295,-7.986482,https://www.afd.fr/fr/ressources/resume-evaluation-concours-afd-pise-ii-et-pise-iii-mali,,OUI,"12.65295,-7.986482"
CCI1202,C2D PIPPF,Santé et lutte contre le sida,AGENCE D'ABIDJAN,RCI,COTE D'IVOIRE,Afrique Sub-saharienne,5.3573542,-3.9658004,https://www.afd.fr/fr/ressources/resume-evaluation-projet-intensification-politique-planification-familiale-pippf-cote-d-ivoire,,OUI,"5.3573542,-3.9658004"
CMA1134,Première phase du programme national d'assainissement du Maroc,Eau et assainissement,AGENCE DE RABAT,ONEE,MAROC,Afrique du nord,34.015049,-6.83272,https://www.afd.fr/fr/ressources/resume-evaluation-premiere-phase-programme-national-assainissement-maroc-pna1,,OUI,"34.015049,-6.83272"
CBF1173,Foncier/Territoires,Agriculture et sécurité alimentaire,AGENCE DE OUAGADOUGOU,BURKINA FASO,BURKINA FASO,Afrique Sub-saharienne,11.1833333,-4.2833333,https://www.afd.fr/fr/ressources/resume-evaluation-appui-communes-ouest-gestion-foncier-rural-ressources-naturelles-composante-2,,OUI,"11.1833333,-4.2833333"
CBF1186,ZIGA II,Eau et assainissement,AGENCE DE OUAGADOUGOU,ONEA,BURKINA FASO,Afrique Sub-saharienne,12.364637,-1.533864,https://www.afd.fr/fr/ressources/resume-evaluation-projet-ziga-ii-burkina-faso,,OUI,"12.364637,-1.533864"
CML1237,Offre éducative priv,"Education, formation, emploi",AGENCE DE BAMAKO,MALI,MALI,Afrique Sub-saharienne,12.65295,-7.986482,https://www.afd.fr/fr/ressources/resume-evaluation-appuis-afd-banque-nationale-de-developpement-agricole-bnda-mali,,OUI,"12.65295,-7.986482"
CMZ1093,EDAP énergie,Infrastructures et développement urbain,AGENCE DE MAPUTO,MOZAMBIQUE,MOZAMBIQUE,Afrique Sub-saharienne,-51.9304536,65.1453868,https://www.afd.fr/en/ressources/evaluation-summary-access-electricity-peri-urban-areas-maputo-and-pemba-edap,,OUI,"-51.9304536,65.1453868"
CPE1006,Mi Vivienda,Infrastructures et développement urbain,AGENCE DE BOGOTA,MIVIVIENDA,PEROU,Amériques,-9.189967,-75.015152,https://www.afd.fr/es/ressources/resumen-evaluacion-proyectos-fondo-mivivienda-peru,,OUI,"-9.189967,-75.015152"
CCF1161,PRESU 1,Infrastructures et développement urbain,AGENCE DE BANGUI,REPUBLIQUE CENTRAFRICAINE,REPUBLIQUE CENTRAFRICAINE,Afrique Sub-saharienne,4.361698,18.555975,https://www.afd.fr/fr/ressources/resume-devaluation-programme-de-reconstruction-economique-et-sociale-en-milieu-urbain-presu-rca,,OUI,"4.361698,18.555975"
CBF1182,Evaluation Ligne d’Interconnexion électrique entre Bolgatanga (Ghana) et Ouagadougou (Burkina Faso),Infrastructures et développement urbain,AGENCE DE OUAGADOUGOU,REPUBLIQUE DU BURKINA FASO,BURKINA FASO,Afrique Sub-saharienne,12.2823,-1.0794,https://www.afd.fr/sites/afd/files/2020-01-04-37-13/resume-evaluation-ligne-interconnexion-electrique-bolgatanga-ghana-et-ouagadougou-burkina-faso-CBF1182.pdf,,OUI,"12.2823,-1.0794"
CKH3003,Projet sectoriel d'irrigation du Nord Ouest,Agriculture et sécurité alimentaire,AGENCE DE PHNOM PENH,ROYAUME DU CAMBODGE,CAMBODGE,Asie,11.558831,104.917445,https://www.afd.fr/sites/afd/files/2020-01-04-57-08/resume-evaluation-projet-sectoriel-irrigation-nord-ouest-cambodge-CKH3003.pdf,,OUI,"11.558831,104.917445"
CCN1024,Programme de reconstruction post-séisme Sichuan,Environnement et ressources naturelles,AGENCE DE PEKIN,REPUBLIQUE POPULAIRE DE CHINE,CHINE,Asie,39.0,116.408198,https://www.afd.fr/sites/afd/files/2019-12-11-19-11/evaluation-summary-post-earthquake-reconstruction-program-sichuan-province-CCN1024.pdf,,OUI,"39.0,116.408198"
CCN3017,instances Programme de petite hydroélectricité à Yichang,Infrastructures et développement urbain,AGENCE DE PEKIN,REPUBLIQUE POPULAIRE DE CHINE,CHINE,Asie,39.0,116.408198,https://www.afd.fr/sites/afd/files/2019-12-11-26-13/evaluation-summary-yichang-small-hydraulic-project-china-CCN3017.pdf,,OUI,"39.0,116.408198"
CCV3002,Amélioration durable du service de l'eau et de l'assainissement à Santa Catarina,Eau et assainissement,AGENCE DE DAKAR,REPUBLIQUE DES ILES DU CAP-VERT,CAP VERT,Afrique Sub-saharienne,14.6633857,-17.4396603,https://www.afd.fr/sites/afd/files/2019-04-09-28-47/CCV3002-resume-evaluation-cap-vert-eau-et-assainissement.pdf,,-,"14.6633857,-17.4396603"
CGH1125,Subvention d'assistance technique à Advans Ghana pour favoriser le développement du segment des PME,Secteur productif,AGENCE D'ACCRA,ADVANS GHANA,GHANA,Afrique Sub-saharienne,5.555717,-0.196306,https://www.afd.fr/sites/afd/files/2019-04-09-32-39/CGH1125-evaluation-summary-ghana-finance.pdf,,OUI,"5.555717,-0.196306"
CKE1012,Rural road 2000 phase 1,Infrastructures et développement urbain,AGENCE DE NAIROBI,REPUBLIQUE DU KENYA,KENYA,Afrique Sub-saharienne,-1.274359,36.0,https://www.afd.fr/sites/afd/files/2019-12-11-54-01/evaluation-summary-rural-roads-improvement-project-central-kenya-CKE1012.pdf,,OUI,"-1.274359,36.0"
CKE3010,AEP Mombasa,Eau et assainissement,AGENCE DE NAIROBI,REPUBLIQUE DU KENYA,KENYA,Afrique Sub-saharienne,-1.274359,36.0,https://www.afd.fr/en/ressources/evaluation-summary-mombasa-water-and-sanitation-service-improvement-project-mombasa-wassip-kenya,,OUI,"-1.274359,36.0"
CMG6011,Financement du Programme de mise en valeur et de protection des bassins-versants et périmètres irrigués au lac Alaotra et d'appui au dispositif national d'agroécologie,Agriculture et sécurité alimentaire,AGENCE D'ANTANANARIVO,REPUBLIQUE DE MADAGASCAR,MADAGASCAR,Afrique Sub-saharienne,-18.913503,47.5293392,https://www.afd.fr/sites/afd/files/2019-04-09-39-24/CMG6011-resume-evaluation-madagascar-agriculture-securite-alimentaire.pdf,,-,"-18.913503,47.5293392"
CML1210,Projet d'appui au développement social et sanitaires de la 5ème région du Mali (PADSS),Santé et lutte contre le sida,AGENCE DE BAMAKO,REPUBLIQUE DU MALI,MALI,Afrique Sub-saharienne,12.0,-7.0,https://www.afd.fr/sites/afd/files/2019-12-03-45-57/resume-evaluation-projet-appui-developpement-social-sanitaire-5e-region-mali-PADSS-CML1210.pdf,,OUI,"12.0,-7.0"
CMX1005,Programme de lutte contre le changement climatique au Mexique,Environnement et ressources naturelles,AGENCE DE MEXICO,ETAT FEDERAL DU MEXIQUE,MEXIQUE,Amérique Latine et Caraïbes,19.4270499,-99.1275711,https://www.afd.fr/sites/afd/files/2019-04-09-42-03/CMX1005-resumen-evaluacion-estados-unidos-mexicanos-clima.pdf,,OUI,"19.4270499,-99.1275711"
CMX1013,Deuxième appui au programme mexicain de lutte contre le rechauffement climatique (PECC),Environnement et ressources naturelles,AGENCE DE MEXICO,ETAT FEDERAL DU MEXIQUE,MEXIQUE,Amérique Latine et Caraïbes,19.4270499,-99.1275711,https://www.afd.fr/sites/afd/files/2019-04-01-41-49/CMX1013-resumen-evaluacion-estados-unidos-mexicanos-clima.pdf,,-,"19.4270499,-99.1275711"
CPH1001/1013,AFD budget support for decentralization in the Philippines (2009-2015),Infrastructures et développement urbain,SIEGE PARIS - OPERATIONS SIEGE,GOUVERNEMENT DES PHILIPPINES,PHILIPPINES,Asie,,,https://www.afd.fr/sites/afd/files/2019-12-02-26-20/evaluation-summary-budget-support-operation-decentralization-philippines-CPH1001-103.pdf,,OUI,
CSN6010,Réhabilitation du Pont Faidherbe de Saint-Louis,Infrastructures et développement urbain,AGENCE DE DAKAR,REPUBLIQUE DU SENEGAL,SENEGAL,Afrique Sub-saharienne,14.0,-17.4396603,https://www.afd.fr/sites/afd/files/2020-01-03-51-14/resume-evaluation-rehabilitation-pont-faidherbe-saint-louis-senegal-CSN6010.pdf,,OUI,"14.0,-17.4396603"
CTN6001,Programme d’alimentation en eau potable du milieu rural,Eau et assainissement,AGENCE DE TUNIS,REPUBLIQUE TUNISIENNE,TUNISIE,Méditerranée,36.0,10.16596,https://www.afd.fr/sites/afd/files/2020-01-03-13-09/resume-evaluation-programme-alimentation-eau-potable-milieu%20rural-AEP2-tunisie-CTN%206001.pdf,,OUI,"36.0,10.16596"
CTR1000,Evaluation LC Climat TEB-TSKB,Environnement et ressources naturelles,AGENCE D'ISTANBUL,TURKIYE SINAI KALKINMA BANKASI,TURQUIE,Méditerranée,41.081686,29.015962,https://www.afd.fr/en/ressources/evaluation-summary-credit-line-industrial-development-bank-turkey-tskb,,OUI,"41.081686,29.015962"
CVN1125-01,Financement des programmes prioritaires d'infrastructures et d'équipements urbains des villes de Da Nang et Can Tho,Infrastructures et développement urbain,AGENCE D'HANOI,REPUBLIQUE SOCIALISTE DU VIETNAM,VIET-NAM,Asie,21.0,105.8432883,https://www.afd.fr/sites/afd/files/2019-04-04-46-28/CVN1125-01-evaluation-summary-vietnam-financial-intermediaries.pdf,,OUI,"21.0,105.8432883"
CVN6009,Renforcement des capacités de HIFU et de ses partenaires stratégiques,Infrastructures et développement urbain,AGENCE D'HANOI,REPUBLIQUE SOCIALISTE DU VIETNAM,VIET-NAM,Asie,21.0,105.8432883,https://www.afd.fr/sites/afd/files/2019-04-09-52-26/CVN6009-evaluation-summary-vietnam-financial-intermediaries.pdf,,OUI,"21.0,105.8432883"
CVN6013,Evaluation Lao Cai,Environnement et ressources naturelles,AGENCE D'HANOI,REPUBLIQUE SOCIALISTE DU VIETNAM,VIET-NAM,Asie,21.0,105.8432883,https://www.afd.fr/en/ressources/evaluation-summary-rural-infrastructure-development-and-tourism-project-lao-cai-province-vietnam,,OUI,"21.0,105.8432883"
CVN1127,Formation professionnelle,Education,AGENCE D'HANOI,REPUBLIQUE SOCIALISTE DU VIETNAM,VIET-NAM,Asie,21.0,105.8432883,https://www.afd.fr/fr/ressources/resume-devaluation-projet-dappui-la-formation-professionnelle-au-vietnam,,OUI,"21.0,105.8432883"
CDO1027,Evaluation d’une grappe de projets d’investissements hospitaliers privés à but non lucratif CEDIMAT,Santé et lutte contre le sida,AGENCE REGIONALE DE SAINT DOMINGUE,CEDIMAT,"DOMINICAINE,REPUBLIQUE",Amérique Latine et Caraïbes,18.4689565,-69.9371703,https://www.afd.fr/sites/afd/files/2020-01-03-32-19/resume-evaluation-cedimat-republique-dominicaine-CDO1027.pdf,,OUI,"18.4689565,-69.9371703"
CID1070 / CID1072,ABS Logistique,Infrastructures et développement urbain,AGENCE DE JAKARTA,INDONESIE,INDONESIE,Asie du sud-est,-6.21569,106.83406,https://www.afd.fr/en/ressources/evaluation-summary-policy-based-loan-maritime-logistics-sector-indonesia,,OUI,"-6.21569,106.83406"
CBJ3008,Electrification rura,Infrastructures et développement urbain,AGENCE DE COTONOU,BENIN,BENIN,Afrique Sub-saharienne,6.3666667,2.4333333,https://www.afd.fr/fr/ressources/resume-evaluation-projet-electrification-105-localites-benin,,OUI,"6.3666667,2.4333333"
CMX1038,Bioconnect,Environnement et ressources naturelles,AGENCE DE MEXICO,MEXIQUE,MEXIQUE,Amériques,19.4270499,-99.1275711,https://www.afd.fr/es/ressources/resumen-evaluacion-prestamos-presupuestarios-politica-publica-conservacion-biodiversidad-bioconnect-biomex,,OUI,"19.4270499,-99.1275711"
CVN1099,Centrale Huoi Quang,Infrastructures et développement urbain,AGENCE D'HANOI,EVN,VIET-NAM,Orient(s),21.032361,105.8432883,https://www.afd.fr/en/ressources/evaluation-summary-huoi-quang-hydropower-plant-project-vietnam,,OUI,"21.032361,105.8432883"
