id,nom_req,domaine_intervention,site_internet,no_civique,rue,municipalite,province,code_postal,telephone_1,telephone_2,telecopieur
1535,Agence VIP,Événements,,3995.0,Rue Ouellet,Jonquière,Québec,G7X3H9,(418)547-1540,,
144,Aide-parents plus inc.,Action communautaire,www.aideparentsplus.ca,3842.0,Boulevard Harvey,Jonquière,Québec,G7X2Z4,(418)547-4792,,(418)547-3049
145,Aînés et les aînées de Jonquière inc. (Les),Action communautaire,www.centrecommunautairejonquiere.ca,3245.0,Rue des Pensées,Jonquière,Québec,G7S5T6,(418)548-6444,,(418)548-4484
149,Alliance autochtone local 37 Chicoutimi,Action communautaire,,1420.0,Rue Pilote,Chicoutimi,Québec,G7H1J4,,,
2018,Alliance chorale régionale la Gaillarde,Loisir,,2603.0,Rue des Garrots,Jonquière,Québec,G7X0L8,(418)695-0435,,
2603,Ambassade boréale,Action communautaire,https://bienvenue-au-saguenay.ca/,240.0,Rue Bossé,Chicoutimi,Québec,G7J1L9,(581)306-4013,(418)376-3884,
58,Archers de Jonquière (Les),Sport,www.archersdejonquiere.com,3953.0,Chemin de l'Église,Lac Kénogami,Québec,G7X0H9,,,
737,AREQ (CSQ) Association des retraitées et retraités de l'éducation et des autres services publics du Québec - AREQ Chicoutimi-Valin,Loisir,chicoutimi-valin.areq.lacsq.org,895.0,Bégin,Chicoutimi,Québec,G7H4P1,(418)549-8523,,
1083,AREQ (CSQ) Association des retraitées et retraités de l'éducation et des autres services publics du Québec - AREQ De-La-Jonquière (C),Loisir,delajonquiere.areq.lacsq.org,192.0,Chemin 11 Lac Brochet,Falardeau,Québec,G0V1C0,(418)673-4378,(581)306-1122,
1084,"AREQ (CSQ), Association des retraitées et retraités de l'éducation et des autres services publics du Québec - AREQ Le Fjord (B)",Loisir,areq.qc.net,2522.0,Avenue du Parc,La Baie,Québec,G7B1T8,,,
2568,Art Nomade,Art et culture,www.artnomadeperformance.ca,114.0,Rue Bossé,Saguenay,QC,G7J1L4,(418)944-5242,(418)720-3842,
260,"Association ""Loisirs Plus"" pour personnes handicapées physiques",Loisir,,797.0,1re Rue,La Baie,Québec,G7B2H4,,,
399,Association canadienne pour la santé mentale section Saguenay,Action communautaire,www.acsmsaguenay.ca,371.0,Rue Racine Est,Chicoutimi,Québec,G7H1S8,(418)549-0765,,(418)549-7568
1143,Association de la fibromyalgie (fibrosite) du Saguenay-Lac-St-Jean,Action communautaire,https://fibromyalgiesaglac.wordpress.com/,257.0,"rue Saint-Armand, bureau 304",Chicoutimi,Québec,G7G1S4,(418)602-3552,,
2038,Association de pêche blanche de Lac-Kénogami,Loisir,,4074.0,Rue Châteauguay,Jonquière,Québec,G8A1l4,(581)490-9007,(418)720-9641,
1113,Association de soutien et d'informations face à la douleur (A.S.I.D.),Action communautaire,www.asid.qc.ca,2208.0,Rue Roussel,Chicoutimi,Québec,G7G1W7,(418)549-0707,,(418)549-0707
226,Association des arthritiques du Saguenay-Lac-Saint-Jean,Action communautaire,,110.0,Rue du Vallon,Canton Tremblay,Québec,G7H5B2,(418)549-2002,,(418)549-2522
747,Association des cordes du Saguenay-Lac-St-Jean,Art et culture,https://rassemblementdescordes.wordpress.com/,202.0,Rue Jacques-Cartier Est,Chicoutimi,Québec,G7H6R8,(418)698-3505,,(418)698-3521
4,Association des judokas de Jonquière,Sport,https://clubjudokasjonquiere.ca/,3507.0,Boulevard Saint-François,Jonquière,Québec,G7X2W5,(418)547-9549 ext.1,,(418)698-3951
1914,Association des locataires de HLM de Chicoutimi,Action communautaire,Aucun,72.0,Rue Smith Ouest,Chicoutimi,Québec,G7J4H5,(418)545-1111,,
241,Association des parents d'adolescents de Chicoutimi (A.P.A.C.),Action communautaire,,508.0,Rue Saint-Augustin,Chicoutimi,Québec,G7J2J9,,,
242,Association des parents d'ados du Fjord (L'),Action communautaire,www.parentsadosdufjord.com/,482.0,Rue Albert,La Baie,Québec,G7B3L4,(418)544-4135,,
246,Association des personnes aphasiques du Saguenay,Action communautaire,,138.0,Rue Price Ouest,Chicoutimi,Québec,G7J1G8,(418)543-0398,,
2143,Association des personnes handicapées visuelles de la région 02 inc. - APHV-02 secteur Chicoutimi,Loisir,http://aphv02.com/,200.0,Rue Colbert,Chicoutimi,Québec,G7G1L5,(581)222-0142,(148)973-3162,
247,Association des personnes handicapées visuelles de la région 02 inc. - APHV-02 secteur Jonquière,Loisir,www.aphv02.qc.ca,3841.0,St-Germain,Jonquiere,Québec,G7x2V7,(418)695-2503,,
1246,"Association des personnes stomisées Saguenay-Lac-St-Jean, région 02 inc.",Action communautaire,www.aqps.org,305.0,Rue Saint-Vallier,Chicoutimi,Québec,G7H5H6,(418)549-2501,,
2473,Association des Universitaires du Troisième Âge de l'UQAC,Loisir,cesam.uqac.ca,555.0,Boulevard de l'Université Est,Chicoutimi,Québec,G7H2B1,,,
5,Association du base-ball mineur de Chicoutimi inc.,Sport,Association du Baseball Mineur de Chicoutimi (page Facebook),,Rue Racine,Chicoutimi,Québec,G7H5B5,(418)698-3252,,
2499,Association du hockey mineur de Saguenay,Sport,www.ahms.club,643.0,Rue Bégin,Chicoutimi,Québec,G7H4N7,(418)698-3000 ext.4672,(418)698-3000 ext.4670,
113,Association féminine d'éducation et d'action sociale (AFEAS) région de Saguenay Lac-Saint-Jean - AFÉAS locale Lac Kénogami,Loisir,,4269.0,Chemin de lîle,Lac Kénogami,Québec,g7x0h9,(418)695-5508,,
115,Association féminine d'éducation et d'action sociale (AFEAS) région de Saguenay Lac-Saint-Jean - AFÉAS locale Sacré-Coeur,Loisir,,555.0,Rue Sainte-Marthe,Chicoutimi,Québec,G7J4Z8,(418)543-3768,,
116,Association féminine d'éducation et d'action sociale (AFEAS) région de Saguenay Lac-Saint-Jean - AFÉAS locale St-Antoine,Loisir,afeas.qc.ca,826.0,Chemin de la Réserve,Chicoutimi,Québec,G7J3P4,,,
120,Association féminine d'éducation et d'action sociale (AFEAS) région de Saguenay Lac-Saint-Jean - AFÉAS locale St-Édouard,Loisir,,1331.0,deuxième Avenue,La Baie,Québec,G7B1M6,(418)306-2887,,
123,Association féminine d'éducation et d'action sociale (AFEAS) région de Saguenay Lac-Saint-Jean - AFÉAS locale St-Georges,Loisir,,3155.0,Rue Saint-Dominique,Jonquière,Québec,G7Y1A8,(418)547-8646,,
124,Association féminine d'éducation et d'action sociale (AFEAS) région de Saguenay Lac-Saint-Jean - AFÉAS locale St-Jacques,Loisir,afeas.qc.ca,1152.0,Rue Gabriel-Druillettes,Chicoutimi,Québec,G7J0G3,(581)433-0168,,
125,Association féminine d'éducation et d'action sociale (AFEAS) région de Saguenay Lac-Saint-Jean - AFÉAS locale St-Jean-Eudes,Loisir,www.afeas02,5877.0,portage des roches nord,laterrière,quebec,g7n1z6,(418)678-9727,,
130,Association féminine d'éducation et d'action sociale (AFEAS) région de Saguenay Lac-Saint-Jean - AFÉAS locale St-Paul,Loisir,,684.0,Boulevard Barrette,Chicoutimi,Québec,G7J4C5,(418)549-6539,,
121,Association féminine d'éducation et d'action sociale (AFEAS) région de Saguenay Lac-Saint-Jean - AFÉAS locale Ste-Famille,Loisir,,3937.0,Rue des Flandres,Jonquière,Québec,G7X3X7,,,
122,Association féminine d'éducation et d'action sociale (AFEAS) région de Saguenay Lac-Saint-Jean - AFÉAS locale Ste-Thérèse,Loisir,,2991.0,Rue Sorel,Jonquière,Québec,G7X7V3,(418)548-0755,,
1477,Association Moto-Tourisme de Jonquière,Loisir,www.amtjonquiere.org,752.0,Rue De Tracy,Chicoutimi,Québec,G7H2N5,(418)818-8555,,
243,Association Panda Saguenay Lac-St-Jean,Action communautaire,pandaslsj.org,1936.0,Rue Davis,Jonquière,Québec,G7S3B6,(418)579-3140 ext.237,(188)837-55076,
267,Association pour la promotion des droits des personnes handicapées de Jonquière,Action communautaire,www.apdph.com,2435.0,Rue Saint-Jean-Baptiste,Jonquière,Québec,G7X7W6,(418)548-5832,,(418)548-5291
268,Association pour la protection du lac Kénogami inc.,Plein air,www.aplk.ca,5251.0,Chemin du Quai,Lac Kénogami,Québec,G7X7V6,,,
270,Association pour le développement de la personne handicapée intellectuelle du Saguenay (A.D.H.I.S.),Action communautaire,www.adhis.ca,1450.0,Boulevard du Saguenay Est,Chicoutimi,Québec,G7H1H1,(418)543-0093,,
272,Association professionnelle des écrivains de la Sagamie,Art et culture,http://litteraturesagamie.com/apes,165.0,Rue Racine Est,Chicoutimi,Québec,G7H5B8,(418)698-3000 ext.4650,,
370,Association québécoise de défense des droits des personnes retraitées et préretraitées (A.Q.D.R.),Action communautaire,www.aqdrjonquiere.org,3507.0,Boulevard Saint-François SUITE 102,Jonquière,Québec,G7X2W5,(418)698-3345 ext.5,,(418)698-3879
273,Association québécoise de la dysphasie région Saguenay-Lac-Saint-Jean,Action communautaire,www.dysphasiesaglac.org  (site en construction pour le moment),,Place Centre-Ville,Jonquière,Québec,G7X7V8,(418)548-0529,,
366,Association québécoise pour la défense des retraités et pré-retraités (section Chicoutimi),Action communautaire,http://www.aqdrchicoutimi.com,700.0,Rue Bégin,Chicoutimi,Québec,G7H7Y6,(418)543-8347,,(418)543-4378
277,Association Régionale de Loisirs pour Personnes Handicapées Saguenay-Lac-Saint-Jean (ARLPH),Action communautaire,www.lavilla.ca/arlph/,138.0,Rue Price Ouest,Chicoutimi,Québec,G7J1G8,(418)545-4132,,(418)545-7271
873,Association régionale pour les personnes épileptiques (Région 02) / ARPE-02,Action communautaire,www.arpe02.com,110.0,Rue Racine Est,Chicoutimi,Québec,G7H5C2,(418)549-9888,,(418)549-3547
279,Association renaissance des personnes traumatisées crâniennes du Saguenay-Lac-Saint-Jean,Action communautaire,www.associationrenaissance.net,2123.0,rue Deschênes,Jonquière,Québec,G7S5E3,(418)548-9366,(185)554-89366,
1862,Association Saguenay à cheval,Plein air,-,6235.0,Boul. Grande-Baie-Sud,La Baie,Québec,G7B3P6,(418)697-1965,,
2147,Association sportive Mars-Moulin inc.,Plein air,https://zecmarsmoulin.reseauzec.com/fr,6166.0,Rue Notre-Dame,Laterrière,Québec,G7N1A1,(418)678-3438,,
2420,Association yoga du Fjord,Loisir,AUCUN,1205.0,Rue P.-O.-Gagnon,La Baie,Québec,G7B4J5,,,
281,Atelier de musique de Jonquière inc.,Art et culture,www.atelierdemusique.qc.ca,1910.0,Rue du Centre,Jonquière,Québec,G7S2X3,(418)548-0707,,(418)548-6146
244,Au Royaume de la courtepointe,Loisir,Aucun,508.0,Rue Sainte-Anne,Chicoutimi,Québec,G7J2N4,,,
244,Au Royaume de la courtepointe,Loisir,Aucun,512.0,rue Sainte-Anne,Saguenay,Québec,G7J2N4,(418)543-8390,(418)376-0283,
296,Bande Sonimage,Art et culture,bandesonimage.org,165.0,"Rue Racine Est, C.P. 8060",Chicoutimi,Québec,G7H1R5,(418)698-3000 ext.5530,(418)820-7969,
308,Bibliothèque de Laterrière,Art et culture,mabibliotheque.ca/slsj,6168.0,Rue Notre-Dame  Casier postale 1080,Laterrière,Québec,G7N2A7,(418)678-9602,,
310,Bibliothèque de Shipshaw,Art et culture,,4100.0,Rue des Ormes,Shipshaw,Québec,G7P1B4,(418)698-3000 ext.6768,,(418)542-6231
2555,C.P.A. Les Anneaux bleus de La Baie inc.,Sport,www.anneauxbleus.com,,Rue de la Fabrique,La baie,Qc,G7B2S0,(418)820-5324,(418)817-3710,
319,Café-Jeunesse de Chicoutimi Inc.,Action communautaire,www.cafejeunesse.com,30.0,Rue Jacques-Cartier Ouest,Chicoutimi,Québec,G7J1E6,(418)696-2871,,
323,Camp musical du Saguenay - Lac-Saint-Jean inc.,Art et culture,campmusical-slsj.qc.ca,1589.0,route 169,Métabetchouan,Québec,G8G1A8,(418)349-2085,,(418)349-8719
1278,Camping de Jonquière inc.,Plein air,www.camingjonquiere.com,3553.0,Rue Saint-Dominique,Jonquière,Québec,G7X7V6,(418)542-0176,,(418)542-5154
439,Cancer Saguenay,Action communautaire,cancersaguenay.org,1845.0,Rue Deschênes,Jonquière,Québec,G7S4T8,(418)699-0009,,
2631,CAPABE (Centre d'aide aux personnes accidentées et blessées à l'emploi),Action communautaire,,472.0,Boulevard Talbot                                            ,Saguenay,Québec,G7H4A2,(418)545-4018,,
325,Capoeira Saguenay,Loisir,Capeirasaguenay.ca,378.0,Rue Marie-Guyart,Chicoutimi,Québec,G7J0A8,(418)540-5625,,
326,Caravane Films Productions,Art et culture,www.festivalregard.com,,Succ. Racine,Chicoutimi,Québec,G7H5B7,(418)698-5854,,
1204,CARDI-O-FORME INC.,Loisir,www.cardioforme.com,305.0,Rue Saint-Vallier,Chicoutimi,Québec,G7H5H6,(418)541-1000 ext.2401,,(418)541-1120
330,Carrefour communautaire Saint-Paul,Action communautaire,carrefourstpaul.com,508.0,Rue Saint-Augustin,Chicoutimi,Québec,G7J2J9,(418)543-6963,,(418)543-5185
2287,Carrefour de soutien aux aidants du Saguenay-Lac-Saint-Jean,Action communautaire,lappui.org,3791.0,Rue de la Fabrique,Jonquière,Québec,G7X7W1,(418)412-4445,,
1255,Carrefour jeunesse emploi Saguenay inc.,Action communautaire,www.cjesag.qc.ca,942.0,Rue de la Fabrique,La Baie,Québec,G7B2T1,(418)697-0634,,(418)697-0271
523,Carrefour socioculturel Au Vieux Théâtre,Art et culture,www.vieuxtheatrelabaie.com,300.0,Boulevard de la Grande-Baie Nord,La Baie,Québec,G7B3K3,(418)544-3166,,
1210,Caserne de jouets du Saguenay (C.J.S.) inc.,Action communautaire,,2585.0,Rue Roussel,Chicoutimi,Québec,G7G1X9,(418)698-1161,,
527,Centre Alpha de Laterrière inc.,Action communautaire,alphalat.org,6166.0,Rue Notre-Dame,Laterrière,Québec,G7N1A1,(418)698-3000 ext.4195,,
528,Centre Alpha du Haut-Saguenay,Action communautaire,,605.0,Rue Saint-Paul,Chicoutimi,Québec,G7J3Z4,,,
1330,Centre alternatif de déplacement urbain du Saguenay (CADUS) inc.,Plein air,cadus.ca,1330.0,Rue Bersimis,Chicoutimi,Québec,G7K1A5,(418)546-2238,,
825,Centre BANG,Art et culture,www.centrebang.ca,132.0,Rue Racine Est,Chicoutimi,Québec,G7H5B5,(418)543-2744,,(418)543-6730
534,Centre d'action bénévole de Chicoutimi inc.,Action communautaire,www.cabchicoutimi.com,605.0,"rue Saint-Paul, bureau 100",Chicoutimi,Québec,G7J3Z4,(418)543-6639 ext.102,(418)543-6639 ext.0,(418)543-6918
535,Centre d'action bénévole de Jonquière,Action communautaire,www.jonquiere.net,2001.0,Rue Price,Jonquière,Québec,G7X5R8,(418)542-1625 ext.1,,(418)542-9021
536,Centre d'Action Bénévole de Laterrière,Action communautaire,aucun,6166.0,Rue Notre-Dame,Laterrière,Québec,G7N1A1,(418)678-1927,,(418)678-1927
525,Centre d'alphabétisation de Jonquière,Action communautaire,,2240.0,Rue Montpetit,Jonquière,Québec,G7X6A3,(418)547-7514,,
2139,Centre d'amitié autochtone du Saguenay,Action communautaire,www.caasaguenay.ca,491.0,Rue Jacques-Cartier Est,Chicoutimi,Québec,G7H1Z9,,,
2566,Centre d'assistance et d'accompagnement aux plaintes Saguenay Lac-St-Jean (CAAP),Action communautaire,www.plaintesante.ca,1015.0,Rue Boivin,Alma,Québec,G8B1Y9,(418)662-6774,,(418)662-1087
1135,Centre d'Employabilité de La Baie,Action communautaire,www.ceblabaie.com,1748.0,Rue Sagan,Chicoutimi,QC,G7S4L4,(418)290-7646,,
1135,Centre d'Employabilité de La Baie,Action communautaire,www.ceblabaie.com,731.0,Boulevard de la Grande-Baie Nord,La Baie,Québec,G7B3K5,(418)544-3811 ext.4447,,(418)544-7964
533,Centre d'Expérimentation Musicale,Art et culture,www.cemproduction.com,37.0,Rhainds,Chicoutimi,Québec,G7G2H3,(418)815-6941,,
603,Centre d'histoire Arvida,Art et culture,www.centrehistoirearvida.com,1994.0,Rue Price,Jonquière,Québec,G7X7X8,(418)695-7278,,(418)695-7172
556,Centre d'intervention familiale Le Transit,Action communautaire,www.cifletransit.org,2469.0,Rue Saint-Dominique,Jonquière,Québec,G7X6K4,(418)695-2780,,(418)695-1458
2247,Centre de biathlon Sag-Lac,Sport,www.biathlonsag-lac.com,4582.0,Chemin de l'Église,Laterrière,Québec,G7N1N9,,,
530,Centre de développement personnel et conjugal,Action communautaire,www.cdpec02.ca,602.0,Rue Racine Est,Chicoutimi,Québec,G7H1V1,(418)545-0886,,
548,Centre de femmes Mieux-Être de Jonquière inc.,Action communautaire,centredefemmesjonquiere.com,2185.0,Rue Saint-Dominique,Jonquière,Québec,G7X6M6,(418)547-3763,,(418)547-6342
2246,Centre de justice de proximité du Saguenay-Lac-St-Jean,Action communautaire,https://www.justicedeproximite.qc.ca/centres/saguenay-lac-saint-jean/,3885.0,Boulevard Harvey,Jonquière,Québec,G7X9B1,,,
1240,Centre de Plein Air du Portage,Plein air,,8450.0,Chemin des Portageurs,Laterrière,Québec,G7N2A3,(418)678-1283,,
1112,Centre de prévention du suicide région 02 Inc.,Action communautaire,www.cps02.org,780.0,Rue Jolliet,Chicoutimi,Québec,G7J2P8,(418)545-9110,,(418)693-1505
288,Centre de production en art actuel TOUTTOUT,Art et culture,https://www.touttout.org,114.0,Rue Bossé,Chicoutimi,Québec,G7J1L4,(418)543-5154,,
552,Centre de ressources pour les familles de militaires de Bagotville,Action communautaire,http://www.crfmbagotville.com,1775.0,Rue Lucien-Lecompte,Alouette,Québec,G0V1A0,(418)677-7468,,(418)677-4468
1114,Centre des enfants,Action communautaire,www.lecentredesenfants.com,522.0,Rue Sainte-Anne,Chicoutimi,Québec,G7J2N4,(418)698-5151 ext.3131,(418)602-1834,(418)698-5333
553,Centre des retraités de l'arrondissement de Chicoutimi (CRAC) inc.,Loisir,,208.0,Rue Talon,Chicoutimi,Québec,G7G0C7,,,
557,Centre du Lac Pouce,Action communautaire,www.lacpouce.com,6939.0,Boulevard Talbot,Laterrière,Québec,G7N1W2,(418)678-2455,,(418)678-1595
558,Centre féminin du Saguenay inc.,Action communautaire,aucun,,"C.P. 20084, C.S.P. Place du Saguenay",Chicoutimi,Québec,G7H7S2,(418)549-8058 ext.102,(418)549-8058 ext.100,(418)549-4568
559,Centre historique de la congrégation des Soeurs de Notre-Dame du Bon-Conseil de Chicoutimi,Art et culture,http://www.centrehistoriquesndbc.com/,700.0,Rue Racine Est,Chicoutimi,Québec,G7H1V2,(418)543-4861 ext.221,,(418)543-7194
2544,Centre JMC Saguenay,Art et culture,jmcanada.ca ( site de Jeunesses Musicales Canada),3615.0,Rue Saint-Léandre,Jonquière,Québec,G7X2B3,(418)547-4683,(418)944-1426,
560,Centre Kéno-Patro inc.,Plein air,,2565.0,Rue Saint-Dominique,Jonquière,Québec,G7X6J6,,,
589,Centre l'Escale de Jonquière inc.,Action communautaire,www.escale.org,3958.0,rue de la Fabrique,Jonquière,Québec,G7X3N2,(418)547-3644,,(418)547-9304
561,Centre Le Phare,Action communautaire,www.centrelephare.com,293.0,Rue Onésime-Côté,La Baie,Québec,G7B3J7,(418)544-9301,,(418)544-9304
1269,Centre multiservice de Shipshaw,Loisir,,4100.0,Rue des Ormes,Shipshaw,Québec,G7P1B4,(418)290-8846,,
2028,Centre multisport Nazaire-Girard,Loisir,http://www.multisportng.com/index.php,6197.0,Rue Notre-Dame,Laterrière,Québec,G7N1P7,,,
978,Centre Paul-Étienne Simard inc.,Loisir,Page facebook Centre Paul-Étienne Simard,4667.0,Chemin de l'Église,Laterrière,Québec,G7N1P1,(418)678-9673,,
2443,Centre récréatif En Équilibre,Sport,https://www.facebook.com/centreenequilibre/,623.0,des Actionnaires,Chicoutimi,Québec,G7J5B3,(418)437-5033,,
605,Centre social Christ-Roi,Loisir,,40.0,Rue Jacques-Cartier Ouest,Chicoutimi,Québec,G7J1E8,,,
632,Cercle des mycologues du Saguenay,Loisir,www.mycosag.chez.com,1120.0,Rue des Pékans,Chicoutimi,Québec,G7J0C3,(418)612-1058,,(418)672-6926
696,Choeur Amadeus inc.,Loisir,@choeuramadeus1942,1594.0,Rue des Engoulevents,Chicoutimi,Québec,G7H5R9,(418)549-6212,,
769,Ciné-club de Jonquière,Art et culture,https://vie-etudiante.cegepjonquiere.ca/cine-club.html,2505.0,Rue Saint-Hubert,Jonquière,Québec,G7X7W2,(418)547-2191,,
2542,Clint Vanessa Arcane Cath,Art et culture,1www.testdeclint22.com,123.0,salamèche k,Johto,Kanto,t6t6y7,(581)234-7896 ext.0,(0)- ext.0,(0)-
1146,Clowns Thérapeutiques Saguenay,Action communautaire,ctsaguenay.com,3016.0,Rue St-Étienne,Saguenay,Québec,G7S1H8,(418)812-7363,(418)545-9973,
809,Club aéromodélisme Saguenay inc.,Loisir,www.aeromodelismesaguenay.com,1273.0,Boulevard Renaud,Chicoutimi,Québec,G7H3N7,(418)820-5145,,
2374,Club Air-Lib,Plein air,www.airlib.ca,1611.0,Boulevard de la Grande-Baie Sud,La Baie,Québec,G7B1C9,,,
805,Club amical âge d'or Jonquière,Loisir,,1768.0,Rue Neilson,Jonquière,Québec,G7S3A2,(418)550-8583,,
1746,Club canin du Fjord,Loisir,https://www.facebook.com/Club-Canin-du-Fjord-485780628121400/?ref=bookmarks,3365.0,Rang Saint-Pierre,Chicoutimi,Québec,G7H0G1,,,
808,Club d'astronomes amateurs Sirius du Saguenay,Loisir,www.astrosurf.com/clubsirius/,2092.0,Rue Giguère,Jonquière,Québec,G7S4C8,,,
36,Club d'athlétisme Jakours Saguenay,Sport,www.jakours.ca,2346.0,Rue de Dieppe,Jonquière,Québec,G7S5N5,(418)548-3923,(581)235-3923,
1043,Club d'échecs de Jonquière,Loisir,https://echecsjonquiere.clubeo.com/,2466.0,Rue de la Lorraine,Jonquière,Québec,G7X2K4,(418)542-0513,,
1085,Club de baseball mineur Laterrière,Sport,Facebook : Association baseball Laterrière,6197.0,Rue Notre-Dame,Laterrière,Québec,G7N1P7,,,
11,Club de boxe de Chicoutimi,Sport,http://boxechicoutimi.com,118.0,Rue de Nancy,Chicoutimi,Qc,G7G4M7,(418)543-7010,(418)820-3590,
12,Club de boxe olympique de Jonquière,Sport,http://www.cboj.net,3865.0,Rue du Roi-Georges,Jonquière,Québec,G7X9K7,(418)695-3252,,
882,Club de Bridge Coeur Atout,Loisir,,3399.0,Rue du Muguet,saguenay,Québec,g7s5w4,(418)695-0152,,
78,Club de compétition Mont-Fortin,Sport,clubdecompetitionmontfortin@wordpress.com,2089.0,Rue Cabernet,Chicoutimi,Québec,G7H0M3,(418)812-0421,,
2438,Club de conversation espagnole Los Norteños,Loisir,,4300.0,St- Léonard,Shipshaw,Québec,G7P1H1,(418)547-9877,,
580,Club de conversation Los Retoricos du Saguenay,Loisir,,4667.0,Ch. Saint-Pierre,Saguenay,Québec,G7N1X8,(418)549-8810,,
14,Club de curling Chicoutimi inc. (Le),Sport,www.curlingchicoutimi.ca,760.0,Rue Jolliet,Chicoutimi,Québec,G7J2P8,(418)549-9245,,
16,Club de curling de Kénogami,Sport,www.clubcurlingkenogami.com,3852.0,Rue du Roi-Georges,Jonquière,Québec,G7X7X7,(418)547-2456,,(418)547-2028
19,Club de curling Port-Alfred,Sport,www.curlingpa.com,851.0,4e Rue,La Baie,Québec,G7B2A6,(418)697-5109 ext.3,,(418)697-9153
70,Club de golf Port-Alfred inc. (Le),Sport,www.golfportalfred.com,851.0,4e Rue,La Baie,Québec,G7B2A6,(418)697-5109 ext.2,,(418)697-9153
20,Club de golf Saguenay Arvida inc. (Le),Sport,www.golfsaguenayarvida.com,2680.0,Boulevard du Saguenay,Jonquière,Québec,G7S4L1,(418)548-9353,,(418)548-9600
2674,Club de gymnastique de Saguenay,Sport,,420.0,Rue Cimon,Chicoutimi,Québec,G7J2E3,(418)543-5178,,
29,Club de gymnastique Jako inc.,Sport,www.gym-jako.com,3849.0,Rue Colbert,Jonquière,Québec,G7X0E6,(418)546-0055,,
34,Club de gymnastique Sagym inc.,Sport,,420.0,Rue Cimon,Chicoutimi,Québec,G7H7S2,(418)543-5178 ext.100,(418)543-5178 ext.102,
2624,Club de jogging Jakours,Loisir,,1923.0,Rue des Hiboux,Chicoutimi,Québec,g7h7s3,(418)543-1215,,
37,Club de Judo Multikyo,Sport,aucun,990.0,Rue Aimé-Gravel,La Baie,Québec,G7B2M4,(418)944-8892,,
40,Club de kayak Rivière aux Sables,Plein air,,2122.0,Rue Évangéline,Jonquière,Qc,g8a2b5,(438)823-9854,,
860,Club de l'âge d'or des Joyeux Mercredis,Loisir,xrstiane@gmail.com,639.0,Rue Lapointe,Chicoutimi,Québec,G7J3E3,(418)693-0741,,
832,Club de l'âge d'or du Christ-Roi,Loisir,Microsoft Edga,768.0,Rue des Jaseurs,Chicoutimi,Québec,G7H0B3,(418)973-3975,,
835,Club de l'âge d'or du Grand Brûlé,Loisir,,6166.0,Rue Notr Dame,Laterrière,Québec,G7N1A1,(418)678-3419,,
895,Club de minéralogie du Saguenay-Lac-Saint-Jean,Loisir,www.mineraux.uqac.ca,273.0,Rue Mauriac,Chicoutimi,Quebec,G7H7A3,(418)543-3154,,
42,Club de montagne du Saguenay,Plein air,www.clubmontagnesaguenay.com,2886.0,Roussel,Chicoutimi,Québec,G7g1Y9,(514)993-1364,,
1716,Club de motoneige Caribou-Conscrits inc.,Plein air,www.caribouconscrits.com,100.0,rue des Hérons,Saint-Honoré de Chicoutimi,Québec,G0V1L0,(418)673-7817,,(418)673-1949
43,Club de motoneigistes du Saguenay inc.,Plein air,www.motoneigesaguenay.com,2855.0,Rue Gamache,Jonquière,Québec,G7X7V3,(418)548-3676,,(418)542-8928
44,Club de natation Béluga de La Baie,Sport,,1802.0,Avenue John-Kane,La Baie,Québec,G7B1K2,(418)697-1548,,
45,Club de natation de Chicoutimi incorporé,Sport,www.natationchicoutimi.com,,Boulevard Talbot,Chicoutimi,Québec,G7H7S2,(418)815-3961,,
46,Club de natation de Jonquière,Sport,clubnatationjonquiere.com,2435.0,Rue Saint-Jean-Baptiste,Jonquière,Québec,G8A1X3,(418)699-0196,,
49,Club de patinage artistique Les Fines Lames de Chicoutimi,Sport,lesfineslamesdechicoutimi.com,,"CP 20032, CSP Place du Saguenay",Chicoutimi,Québec,G7H7S2,(581)447-2399,,
50,Club de patinage artistique Les Mazurkas inc.,Sport,www.mazurkas.ca,,C.P. 2164,Jonquière,Québec,G7X7X7,(418)698-3000 ext.6781,,
53,Club de patinage de vitesse Les Comètes de Chicoutimi inc. (Le),Sport,www.cometesdechicoutimi.com,643.0,Rue Bégin,Chicoutimi,Québec,G7H4N7,(418)698-3000 ext.4225,,(418)549-5333
51,Club de patinage de vitesse Les F18 de La Baie,Sport,,2523.0,Chemin Saint-Joseph,La Baie,Québec,G7B3N9,(418)812-9445,,
898,Club de photo Chicoutimi inc.,Loisir,www.clubphotochicoutimi.org,165.0,Rue Racine Est,Chicoutimi,Québec,G7H5B3,,,
900,Club de Photo de La Baie inc.,Loisir,,4532.0,ch. St-Louis,La Baie,Québec,G7B0C9,(418)817-7133,,
66,Club de photo JAK,Loisir,www.clubphotojak.com,52.0,Rue Albert,Chicoutimi,Québec,G7J3W1,,,
54,Club de plongeon Les Otaries de Jonquière,Sport,www.plongeonlesotaries.sitew.com,2023.0,Boulevard Mellon,Jonquière,Québec,G7S3G7,(418)815-1663,,
1048,Club de scrabble Amis-Mots de Chicoutimi ,Loisir,,141.0,Rue Marco,Chicoutimi,Québec,G7G4T2,,,
1088,Club de ski de fond Le Norvégien inc.,Plein air,www.skidefondlenorvegien.com,4885.0,Chemin Saint-Benoît,Jonquière,Québec,G7X7W4,(418)546-2344,,
30,Club de soccer de Jonquière,Sport,www.soccerjonquiere.org,3507.0,Boulevard Saint-François,Jonquière,Québec,G7X2W5,(418)698-3345 ext.2,(418)818-3004,
2609,Club de soccer le Venturi de Saguenay,Sport,soccersaguenay.com,3507.0,Boulevard Saint-François,Jonquière,Québec,G7X2W5,(418)698-3254,(418)376-6768,
31,Club de soccer mineur de Chicoutimi inc.,Sport,www.soccer-chicoutimi.com,,Rue Racine Est,Chicoutimi,Québec,G7H5C8,(418)698-3254,(418)550-5011 ext.4409,(418)698-3294
65,Club de tennis intérieur Saguenay inc.,Sport,www.clubtennissaguenay.com,2680.0,Boulevard du Saguenay,Jonquière,Québec,G7S0L3,(418)548-3179,,
64,Club de vélo de Jonquière,Loisir,www.clubvelojonquiere.com,530.0,Rue Jules-Verne,Chicoutimi,Québec,G7J4S2,,,
80,Club de voile du Saguenay inc. (Le),Plein air,www.clubdevoilesaguenay.com,1444.0,casier postal,Jonquiere,Québec,g7s4l1,(418)547-9776,,
2059,Club de volley ball Saguenay,Sport,https://www.facebook.com/ClubDeVolleyballSaguenay/,2521.0,Rue des Alouettes,Jonquière,Québec,G7X8G2,(418)812-4277,,
1965,Club de Yacht de Chicoutimi,Plein air,https://marinachicoutimi.com/,531.0,Boulevard du Saguenay Est,Chicoutimi,Québec,G7H5B7,(418)541-7007,,
23,Club des Archers de Chicoutimi,Sport,http://archersdechicoutimi.com,3312.0,Boulevard Saint-Jean-Baptiste,Chicoutimi,Québec,G7H7V5,(418)602-3520,,
1039,Club des retraités Alcan La Baie,Loisir,,3002.0,Rue Wilfrid-Simard,La Baie,Québec,G7B4C2,(418)544-5912,,
252,Club des retraités de la Consolidated Bathurst division Port-Alfred inc.,Loisir,,659.0,5 ième rue,La Baie,Québec,g7b1y7,(418)544-8549,,
25,Club Endurance du Fjord,Sport,www.endurancedufjord.com,680.0,Rue des Bernaches,Chicoutimi,Québec,G7H5x6,(158)123-45810,,
812,Club FADOQ Arvida,Loisir,www.fadoq.ca,3108.0,rue St-Georges,Jonquière,Québec,G7s1w4,(418)698-3000 ext.4634,,
836,Club Jeunesse Doré  Age d'or  Ste-Claire,Loisir,,208.0,Rue Talon,Chicoutimi,Québec,G7G0C7,(418)698-3000 ext.6732,,(418)698-3064
1022,Club optimiste de Laterrière inc.,Loisir,www.optimistelaterrière.org,6166.0,Rue Notre-Dame,Laterrière,Québec,G7N2A7,(418)678-2846,,
1018,Club Philatélique du Saguenay,Loisir,,205.0,Rue Turgeon,Hébertville,Qc,G8N1R6,(418)344-4252,,
1971,Club Quad Aventure Valin,Plein air,www.clubquadaventurevalin.com,,Boul. Ste-Geneviève,Chicoutimi,Québec,G7G0J9,(418)718-1818,,
1108,Club Quad du Fjord,Plein air,clubquaddufjord.ca,2084.0,Boul. St JeanBaptiste,chicoutimi,québec,G7H7W1,(418)815-0538,,
79,Club quad Saguenay,Plein air,www.clubquadsaguenay.com,2046.0,Mousseau,Jonquiere,Québec,G8A1E4,(418)547-7250,(418)818-5066,
931,Club radio-amateur baieriverain CRAB,Loisir,http://www.raqi.ca/va2bca,3022.0,Rue Wilfrid-Simard,La Baie,Québec,G7B4C2,,,
1011,Club social anées,Loisir,,2013.0,fortier,Jonquière,Québec,g7xak3,(418)547-1217,,
316,Comité civil de l'Escadrille 634 de Jonquière inc.,Loisir,escadron634.com,3507.0,Boulevard Saint-François,Jonquière,Québec,G7X2W5,(418)547-9745 ext.0,(0)- ext.0,(0)-
2620,Comité de citoyens pour l'amélioration du transport en commun au Saguenay,Action communautaire,https://www.facebook.com/BusoSaguenay/?modal=admin_todo_tour,578.0,Rue De Quen,Chicoutimi,Québec,G7J1P3,(418)376-6379,(581)654-1337,
2494,Comité de soutien DMLA (Saguenay),Action communautaire,,310.0,Léon,Saint-Honoré de Chicoutimi,Québec,G0V1L0,(418)673-4388,,
976,Comité des loisirs des Trois paliers inc.,Loisir,,1477.0,Rue du Bois-de-Boulogne,Chicoutimi,Québec,G7J4J4,(415)438-595,(418)376-4942,
982,Comité des loisirs du quartier des oiseaux,Loisir,,1611.0,Rue des Martinets,Chicoutimi,Québec,G7H5X9,,,
975,Comité des loisirs Plateau des Saguenéens de Chicoutimi,Loisir,,530.0,Rue Jules-Verne,Chicoutimi,Québec,G7J4S2,,,
971,Comité des loisirs Saint-Paul inc.,Loisir,,39.0,Place des Copains,Chicoutimi,Québec,G7K1B3,,,
972,"Comité des loisirs St-Nom-de-Jésus, de Chicoutimi",Loisir,,998.0,Rue du Sacré-Coeur,Chicoutimi,Québec,G7H1M2,,,
970,Comité des loisirs St-Pierre inc.,Loisir,,2952.0,Rang Saint-Pierre,Chicoutimi,Québec,G7H0E7,(418)549-1272,,
968,Comité des loisirs Victor Guimond inc.,Loisir,,519.0,Rue Verlaine,Chicoutimi,Québec,G7J4C3,,,
1502,Comité Enfaim,Action communautaire,www.comiteenfaim.com,150.0,Rue Racine Est,Chicoutimi,Québec,G7H5C2,(418)545-2222,,
1382,Communauté métisse du domaine du Roy et de la seigneurie de Mignan,Action communautaire,metisroymingan.ca,129.0,Rue Jacques-Cartier Est,Chicoutimi,Québec,G7H1Y4,(418)543-0555,,
2413,Compagnes et compagnons de passage,Action communautaire,,1155.0,Rue Warren,Chicoutimi,Québec,G7J4A3,,,
2535,Concours d'histoire Raymond-Labonté,Art et culture,https://concours-histoire.cegepjonquiere.ca,2679.0,Boulevard du Royaume,Jonquière,Québec,G7S5T1,(418)548-7075,(581)882-6909,(418)548-7992
459,Conseil central du Saguenay-Lac-Saint-Jean de la Société Saint-Vincent-de-Paul - conseil particulier Jonquière/Kénogami (M),Action communautaire,clairedelasablonniere@gmail.com,4042.0,Rue Chardin,Jonquière,Québec,G7Z1H8,(416)954-534 ext.0,(418)817-7309 ext.0,(0)-
456,Conseil central du Saguenay-Lac-Saint-Jean de la Société Saint-Vincent-de-Paul - conseil particulier La Baie (M),Action communautaire,www.facebook.com/St-Vincent de Paul la Baie,1853.0,Rue des Bouleaux,La baie,Québec,G7B3V9,(418)544-8607,(418)944-0778,
954,Conseil des arts de Saguenay,Hors catégorie,www.conseildesartssaguenay.com,6166.0,Rue Notre-Dame,Laterrière,Québec,G7N1A1,(418)698-3000 ext.4192,,(418)678-2647
951,Conseil régional de la culture Saguenay-Lac-St-Jean,Art et culture,http://culturesaguenaylacsaintjean.ca/,260.0,Rue Racine Est,Chicoutimi,Québec,G7H1R9,(418)812-7294,(418)662-6623 ext.223,
949,Conservatoire de Musique de Saguenay,Hors catégorie,www.conservatoire.gouv.qc.ca,202.0,Rue Jacques-Cartier Est,Chicoutimi,Québec,G7H6R8,(418)698-3505,,(418)698-3521
68,Contact Nature Rivière-à-Mars,Plein air,www.contact-nature.ca,7400.0,Chemin des Chutes,La Baie,Québec,G7B3N8,(418)697-5132,,(418)697-5136
943,Corporation Centre-Ville d'Arvida,Événements,https://cvs.saguenay.ca/arvida/entreprises/corporation-centre-ville-darvida/,2850.0,Place Davis,Jonquière,Québec,G7S2C5,,,
926,Corporation Centre-Ville de La Baie,Événements,cvssaguenay.ca,422.0,Rue Victoria,La Baie,Québec,G7B3M4,(418)698-3157 ext.6084,,
945,Corporation de développement communautaire des Deux-Rives,Action communautaire,www.cdc2rives.org,2505.0,Rue Saint-Hubert,Jonquière,Québec,G7X7W2,(418)547-9351,,
944,Corporation de développement communautaire du Roc,Action communautaire,cdcduroc.com,508.0,Rue Saint-Augustin,Chicoutimi,Québec,G7J2J9,(418)696-2188,,
934,"Corporation des loisirs Hamel, Fradette et Gobeil inc.",Loisir,,143.0,Rue d'Anjou,Chicoutimi,Québec,G7H6E9,,,
91,Corporation des loisirs St-Antoine de Chicoutimi,Loisir,Aucun,815.0,Rue Hertel,Chicoutimi,Québec,G7J3Z8,,,
933,Corporation des loisirs Ste-Claire de Chicoutimi,Loisir,,441.0,Rue de Courcelette,chcioutimi,Québec,G7G4M1,(418)376-6427,,
932,Corporation des loisirs Sydenham,Loisir,https://www.facebook.com/parcmurdock/,843.0,Rue Bouchette,Chicoutimi,Québec,G7H2S9,,,
930,Corporation des métiers d'arts du Saguenay-Lac-Saint-Jean,Art et culture,www.metiersdartsaglac.com,165.0,Rue Racine Est,Chicoutimi,Québec,G7H1R5,(418)698-3200 ext.6719,,
1857,Corporation du parc de la Rivière du Moulin,Plein air,,1577.0,Rue des Roitelets,Chicoutimi,Québec,G7H0K8,(418)698-3235,,
1243,Corporation du Parc Régional du Lac Kénogami,Plein air,www.cprlk.wordpress.com,3110.0,Boulevard Martel,Saint-Honoré,Québec,G0V1L0,,,
1206,Coupe des nations - Ville Saguenay,Événements,www.grandprixcyclistesaguenay.com,837.0,rue Rémi Meunier,Roberval,Québec,G8H3K1,(418)637-6372,,
1683,Couture pour les missions,Loisir,,6166.0,Rue Notre-Dame,Laterrière,Québec,G7N1A1,,,
52,CPV Les Élans de Jonquière,Sport,http://cpvelansjonquiere.ca,4959.0,Chemin St-Éloi,Jonquière,Québec,G7X7V4,(418)376-6447,(418)693-3300 ext.236,
1320,Deuil 02,Action communautaire,WWW.deuil02passage.org,497.0,Rue Racine Est,Chicoutimi,Québec,G7H1T8,(418)602-1388,(581)234-9448,
1142,Diabète Saguenay-Lac-Saint-Jean,Action communautaire,diabetesaguenaylacsaintjean.org,2208.0,Rue Roussel,Chicoutimi,Québec,G7G1W7,(418)376-5559,,
907,Diffusion Saguenay inc.,Art et culture,www.diffusion.saguenay.ca,534.0,Rue Jacques-Cartier Est,Chicoutimi,Québec,G7H1Z6,(418)698-3334 ext.6603,,(418)698-4081
2554,Diversité 02,Action communautaire,http://diversite02.ca/,260.0,"Rue Racine Est, suite 101",Chicoutimi,Québec,G7H1R9,(581)447-2211,(581)882-2838,
1942,Éco-Kartier du centre-ville de Chicoutimi,Action communautaire,www.eco-kartier.org,129.0,Rue Jacques-Cartier Est,Chicoutimi,Québec,G7H2J3,(418)820-9472,,
901,École de danse SMG inc.,Art et culture,www.ecoledansesmg.com,,Rue du Roi-Georges,Jonquière,Québec,G7X7X7,(418)542-1283,(581)306-2667,
1442,École de judo ju-shin-kan Laterrière,Sport,judolaterriere.com,6197.0,Rue Notre-Dame,Laterrière,Québec,G7N1P7,(418)698-3000 ext.6764,,
892,École de musique et de solfège de Chicoutimi inc.,Art et culture,www.ecoledemusiquechicoutimi.com,534.0,Rue Jacques-Cartier Est,Chicoutimi,Québec,G7H1Z6,(418)543-1902,,
902,École Florence Fourcaudot Spirale Expression Danse,Art et culture,www.fourcaudot.com,2034.0,Boulevard de Tadoussac,Chicoutimi,Québec,G7G1K7,(418)696-4333,,
891,École nationale d'apprentissage par la marionnette,Action communautaire,www.enamsaguenay.ca,870.0,Rue Boily,Chicoutimi,Québec,G7J2Y4,(418)549-6262,,
1392,En août on fête Laterrière,Événements,,6197.0,Rue Notre-Dame,Laterrière,Québec,G7N1P7,(418)698-3000 ext.6760,,
888,Ensemble folklorique des Farandoles de Chicoutimi inc.,Art et culture,www.lesfarandoles.com,534.0,Rue Jacques-Cartier Est,Chicoutimi,Québec,G7H1Z6,(418)549-4777,,
725,Entre-Êtres,Action communautaire,www.entreetres.com,2811.0,Boulevard du Saguenay,Saguenay,Québec,G7S1X7,(418)548-5349,,
620,Équijustice Saguenay,Action communautaire,equijustice.ca,152.0,Racine Est,Chicoutimi,Québec,G7H5B7,(418)698-2400,,(418)698-5977
1086,EQUIPE DE HOCKEY MIDGET DEVELOPPEMENT AAA DU SAGUENAY-LAC ST-JEAN INC.,Sport,https://elites.liguemidgetaaa.ca/,5493.0,chemin st-anicet,la baie,Québec,g7b0j5,(418)540-0741,,
2042,Escadrilles canadiennes de plaisance,Plein air,www.nautisme.ca,3800.0,Chemin de la Bonne-Humeur,Laterrière,Québec,G7N1B6,(418)696-4018,,
322,Espace Côté-Cour,Art et culture,www.cotecour.ca,4014.0,Rue de la Fabrique,Jonquière,Québec,G7X3N1,(418)542-1376,,
1145,EURÊKO !,Plein air,eureko.ca,397.0,Rue Racine Est,Chicoutimi,Quebec,G7H1S8,(418)545-9245,,
424,Expo agricole de Chicoutimi inc.,Événements,www.expoagricoledechicoutimi.com,350.0,Boulevard de l'Université Est,Chicoutimi,Québec,G7H5B7,(418)545-8597,,(418)545-9243
839,FADOQ La Jouvence Lac Kénogami,Loisir,S.o.,4444.0,Chemin des Erables lac kénogami,Saguenay,Québec,G7X7V6,(418)695-3717,(418)695-4717,
2098,Festival bateaux dragons Saguenay,Événements,https://www.evenements2m.com/festival-bateaux-dragons-saguenay,3891.0,Rang Saint-Paul,Chicoutimi,Québec,G7H0G7,(418)376-6092,,
854,Festival de jazz et blues Héritage,Art et culture,www.jazzetblues.com,460.0,Rue Racine Est,Chicoutimi,Québec,G7H1T7,(418)817-4529,,
864,Festival de musique du Royaume inc.,Art et culture,www.festivalduroyaume.com,165.0,"Rue Racine Est, C.P 8335",Chicoutimi,Québec,G7H1R7,(418)698-3000 ext.6560,,(418)698-3438
2156,Festival des bières du monde 2010,Événements,http://bieresdumonde.ca/,459.0,Rue Racine Est,Saguenay,Québec,G7H1T5,(418)812-9292,(418)545-1115,(418)545-0333
863,Festival des musiques de création du Saguenay-Lac-Saint-Jean inc.,Art et culture,www.fmcslsj.com,4018.0,Rue de la Fabrique,Jonquière,Québec,G7X3N1,(418)547-2904,,
1060,Festival des vins de Saguenay,Événements,www.festivinsaguenay.ca,460.0,Rue Racine Est,Chicoutimi,Québec,G7H1T7,(418)603-0883,,
855,Festival international des rythmes du monde,Art et culture,www.bieresdumonde.ca,459.0,Rue Racine Est,Chicoutimi,Québec,G7H1T5,(418)545-1115,,(418)545-0333
852,Fête des saveurs et trouvailles,Événements,http://www.saveursettrouvailles.com/,5505.0,Boulevard du Royaume - numéro 80,Jonquière,Québec,G7X7V5,(418)290-7114,,
838,Fondation pour l'élite baieriveraine,Hors catégorie,,4171.0,Boulevard de la Grande-Baie Sud,La Baie,Québec,G7B1H1,,,
830,Fondation TIMI inc.,Hors catégorie,,201.0,Rue Price Ouest,Chicoutimi,Québec,G7J3K3,,,
818,Groupe Artémisia,Art et culture,,2317.0,Rue Mathias,Jonquière,Quebec,G7S3v8,(418)548-5797,(418)550-5797,
818,Groupe Artémisia,Art et culture,,2211.0,Chemin Bouchard,Shipshaw,Quebec,G1P1V8,(418)695-6471,,
721,Groupe de ressources pour le trouble de panique et autres troubles anxieux G.R.T.P.,Action communautaire,www.grtp02.com,2327.0,Rue Lévesque,Jonquière,Québec,G7S3T4,(418)548-2936 ext.101,,(418)548-5435
76,Groupe des Écorceurs,Plein air,www.anse-a-benjamin.com,822.0,chemin de l'Anse à Benjamin,La Baie,Québec,G7B3P5,(418)690-6535,(418)540-5614,
2539,Groupe Inclusia,Hors catégorie,groupeinclusia.com,2455.0,rue Cantin,Jonquière,Québec,G7X8s7,(418)548-3445,,(418)548-3717
35,Groupe nature animée inc. (Le),Loisir,http://groupenatureanimee.blogspot.com,,,Chicoutimi,Québec,G7H5C2,(418)698-3896,,
84,Groupe photo média international inc.,Art et culture,www.zoomphotofestival.ca,300.0,Rue Dubuc,Chicoutimi,Québec,G7J4M1,(418)540-9506,,
442,Groupe scouts secteur Chicoutimi (district Saguenay),Loisir,,172.0,Rue des Oblats Ouest,Chicoutimi,Québec,G7J2A8,(418)698-5369,,
718,Groupement des organismes des personnes handicapées du Saguenay,Action communautaire,www.gophs.org,138.0,Rue Price Ouest,Chicoutimi,Québec,G7J1G8,(418)545-6228,,(418)545-7271
717,Guilde «Les courtepointières du Saguenay»,Loisir,https://www.facebook.com/Les-Courtepointières-du-Saguenay,1068.0,Rue Beauregard,Chicoutimi,Québec,G7H1N7,,,
712,Harmonie Saguenay Inc.,Loisir,,123.0,rue de la Providence,Anse-Saint-Jean,Québec,G0V1J0,,,
69,HERITAGE SPORTIF 1983,Loisir,centremultisportlabaie.com,990.0,Rue Aimé-Gravel,La Baie,Québec,G7B2M4,(418)697-5112,,(418)697-9050
2419,Homme Québec (H.Q.) - Saguenay - Lac-St-Jean,Action communautaire,http://hommesquebec.ca,3713.0,Rue de Vienne,Jonquière,Québec,G7X4J4,,,
1087,Institut judo Chicoutimi,Sport,www.judochicoutimi.com,799.0,Rue Marie-Victorin,Chicoutimi,Québec,G7H2L1,,,
703,IntégrAction La Baie,Action communautaire,www.facebook.com/integractionlabaie,1331.0,2e Avenue,La Baie,Québec,G7B1M6,(418)477-8777,,
702,Interassociation des personnes handicapées du Saguenay,Action communautaire,www.lavilla.ca/inter,138.0,Rue Price Ouest,Chicoutimi,Québec,G7J1G8,(418)545-9453,,(418)545-7271
624,Jonquière en musique inc.,Art et culture,www.jonquiereenmusique.com,3865.0,Rue du Roi-Georges,Jonquière,Québec,G7X9K7,(418)542-2101,,(418)542-7998
1353,Jonquière-Médic inc.,Hors catégorie,http://www.jonquieremedic.com/,2354.0,Rue Saint-Dominique,Jonquière,Québec,G7X7W6,(418)546-2108,,
621,Joujouthèque Saguenay,Action communautaire,,1477.0,Rue des erables,Chicoutimi,Québec,G7H1E6,(418)944-8897,,
1296,Journal au courant du lac,Hors catégorie,https://aucourantdulac-95.webself.net/,3000.0,Chemin de l'Église,Lac Kénogami,Québec,G7X0H9,(418)817-2403,(418)542-1277,
1629,Journal la vie d'ici,Hors catégorie,http://laviedici.com/,1189.0,Blvd Barrette,Chicoutimi,Québec,g7j0g1,(418)973-0716,(418)290-8846,
228,L' Association des Centres-Villes de Chicoutimi inc.,Événements,https://cvs.saguenay.ca/chicoutimi/,152.0,"rue Racine Est, C.P. 8131",Chicoutimi,Québec,G7H5b5,(418)693-5126,(418)602-0883,
90,L'Académie de Danse du Saguenay inc.,Art et culture,www.academiedanse.ca,534.0,Rue Jacques-Cartier Est,Chicoutimi,Québec,G7H1Z6,(418)549-2835,,(418)548-0812
117,L'Association féminine d'éducation et d'action sociale - AFÉAS locale St-Dominique,Loisir,,3795.0,Panet,Jonquière,Québec,G7X3V9,(418)547-4015,(418)815-7007,
126,L'Association féminine d'éducation et d'action sociale - AFÉAS locale St-Jean-Vianney,Loisir,non mais nous avons un facebook et il est possible de nous servir du site Web du journal La Vie d'Ici si nous avons de l'information à donner aux membres.,4100.0,Rue des Ormes,Shipshaw,Québec,G7P1B4,(418)698-3000 ext.6767,,
128,L'Association féminine d'éducation et d'action sociale - Afeas locale St-Luc,Loisir,afeas.qc.ca,97.0,Rue St-Etienne,Chicoutimi-Nord,Québec,G7G5G8,(418)549-0418,,
119,L'Association féminine d'éducation et d'action sociale - AFÉAS locale Ste-Claire,Loisir,nicophil@videotron.ca,101.0,Rue Solange,Chicoutimi,Québec,G7G4M6,(418)690-0634,,
1294,L'association Québec-France--Saguenay-Lac-Saint-Jean,Loisir,association quebec-france-saguenay,2005.0,Bellerive,Jonquière,Québec,G7X8H7,(418)592-7945,,
899,L'école de musique de La Baie inc.,Art et culture,http://www.ecoledemusiquelabaie.ca/,3346.0,Boulevard de la Grande-Baie Sud,La Baie,Québec,G7B1G2,(418)697-5082,,(418)697-5079
881,L'Ensemble vocal du Fjord,Loisir,www.facebook.com/ensemblevocaldufjord,4073.0,Rue Morin,Jonquière,Québec,G8A1a5,(418)542-3004,,
594,L'Institut des arts au Saguenay,Art et culture,www.centrenationalexposition.com,4160.0,Rue du Vieux-Pont,Jonquière,Québec,G7X7W4,(418)546-2177,(418)698-3200 ext.4601,(418)546-2180
786,L'Oeuvre de l'Autre,Art et culture,www.uqac.ca/galerie,555.0,Boulevard de l'Université Est,Chicoutimi,Québec,G7H2B1,(418)545-5011 ext.4718,,
295,L'Organisme Les Apprentis,Action communautaire,www.apprentis-org.com,1331.0,2e Avenue,La Baie,Québec,g7b1m6,(418)697-6555,,(418)697-6555
280,L.A.S.T.U.S.E. du Saguenay (lieu d'Actions et de Services Travaillant dans l'Unité avec les Sans-Emploi),Action communautaire,www.lastuse.ca,94.0,Rue Jacques-Cartier Est,Chicoutimi,Québec,G7H1Y3,(418)543-3569,(418)543-3350,(418)543-3569
312,La Boîte Rouge Vif,Art et culture,www.laboiterougevif.com,555.0,Boulevard de l'Université Est,Chicoutimi,Québec,G7H2B1,(418)545-5523,,
750,La Corporation du Musée du Saguenay-Lac-Saint-Jean et du site de La Pulperie,Art et culture,www.pulperie.com,300.0,Rue Dubuc,Chicoutimi,Québec,G7J4M1,(418)698-3100,(187)799-83100,(418)698-3158
922,La corporation les Adolescents et la Vie de Quartier de Chicoutimi,Action communautaire,www.avqc.ca,36.0,Rue Jacques-Cartier Est,Chicoutimi,Québec,G7H1W2,(418)549-7272,,(418)549-7212
837,La Fondation de ma Vie,Hors catégorie,http://www.fondationdemavie.qc.ca,305.0,Rue Saint-Vallier,Chicoutimi,Québec,G7H5H6,(418)541-1005,,(418)541-1124
2558,La ligue de bridge St-Laurent Sag-Lac inc.,Loisir,www.fqjr.qc.ca/bridge/lbsl/,80.0,Rue de La Rochelle,Chicoutimi,Québec,G7H5M6,(418)543-6476,(418)812-6476,
871,La ligue des cadet de l'air du Canada Québec - Escadron 657 de La Baie,Loisir,Escadron 657 (Facebook),1802.0,Avenue John-Kane,La Baie,Québec,G7B3P5,(418)544-2843 ext.4782,,
870,La ligue des cadets de l'air du Canada Québec - Escadron 799,Loisir,https://sites.google.com/site/escadron799/,,Rue Racine Est,Chicoutimi,Québec,G7H5C2,(418)698-5185 ext.6447,,
916,La ligue des cadets de l'armée du Canada (Québec) - Corps de cadets 0221 Chicoutimi,Loisir,https://fr-ca.facebook.com/cadets221chicoutimi/,8066.0,Case postale,Chicoutimi,Québec,g7H5B5,(418)615-0083 ext.6374,,
317,La ligue des cadets de l'armée du Canada (Québec) - Corps de cadets 2646 Jonquière,Loisir,www.cc2646.com,3507.0,Boulevard Saint-François,Jonquière,Québec,G7X2W5,(418)690-6752,(418)720-3115,
915,La ligue des cadets de l'armée du Canada (Québec) - Corps des cadets 2869 de Laterrière,Loisir,Cocajent (Corps de Cadet 2869 Laterrière),6166.0,Rue Notre-Dame,Laterrière,Québec,G7N1A1,(418)698-3000 ext.6355,,
564,La Maison d'hébergement Le Séjour inc.,Action communautaire,www.hebergementlesejour.ca,2229.0,De l'Hôpital,Jonquière,Québec,G7X4H7,(418)547-8611,,(418)547-4877
302,La Maison d'un Nouvel Élan inc.,Action communautaire,www.mnelan.com,1969.0,Rue Price,Jonquière,Québec,G7X5S2,(418)695-6026,,(418)695-3125
2549,La Maison de soins palliatifs du Saguenay,Hors catégorie,mspsaguenay.ca,1845.0,Rue Deschênes,Jonquière,Québec,G7S4T8,(418)696-1176 ext.201,(418)696-1176 ext.203,(418)696-5999
573,La Maison des familles de Chicoutimi,Action communautaire,www.maisondesfamilleschicoutimi.com,700.0,Rue Bégin,Chicoutimi,Québec,G7H7Y6,(418)698-3057,,(418)698-5386
571,La Maison des jeunes de Jonquière inc.,Action communautaire,www.mdjjonquiere.org,2320.0,Rue Poitras,Jonquière,Québec,G7S3S4,(418)548-9608,(418)699-6064,(418)548-9608
568,La Maison des jeunes de Laterrière inc.,Action communautaire,maisondesjeunesdelaterriere.e-monsite.com,882.0,Rue du Boulevard,Laterrière,Québec,G7N1H7,(418)678-9079 ext.0,(0)- ext.0,(0)-
562,La Maison ISA - Centre d'aide et de lutte contre les agressions à caractère sexuel,Action communautaire,www.maisonisa.com,310.0,Rue Saint-Vallier,Chicoutimi,Québec,G7H4J1,(418)545-6444,,(418)545-3596
2495,La Noce Saguenay,Art et culture,lanoce.net,3732.0,Chemin de l'Église,Laterrière,Québec,G7N0B1,(418)615-8528,,
2439,La nuit des choeurs à Saguenay,Loisir,,700.0,Chemin du Littoral,Chicoutimi,Québec,G7H0H9,,,
97,La Rubrique inc.,Art et culture,www.theatrelarubrique.com et www.fiams.com,4160.0,Rue du Vieux-Pont - C.P. 23,Jonquière,Québec,G7X7V8,(418)542-5521,,(418)542-4382
910,La Société canadienne de la Croix Rouge,Hors catégorie,croixrouge.ca,6.0,Place du commerce,Montréal,Québec,H3E1P4,(514)362-2930,,
419,La Société de Généalogie du Saguenay,Loisir,www.sgsaguenay.ca,700.0,Rue Racine Est,Chicoutimi,Québec,G7H1V2,(418)693-8266,,
417,La Société de Gestion de la Zone Portuaire de Chicoutimi inc.,Hors catégorie,www.zoneportuaire.com,49.0,Rue La Fontaine,Saguenay (arr. Chicoutimi),Quebec,G7H5B7,(418)698-3025,,(418)698-3028
416,La Société de l'Ordre du bleuet,Art et culture,www.ordredubleuet.com,1557.0,Rue des Engoulevents,Chicoutimi,Québec,G7H5R7,(418)549-6009,,
1248,La société St-Vincent de Paul conseil particulier de Chicoutimi,Action communautaire,aucun,216.0,Rue des Oblats Ouest,Chicoutimi,Québec,G7J2B1,,,
409,La Soupe populaire de Chicoutimi inc.,Action communautaire,,426.0,Rue du Havre,Chicoutimi,Québec,G7H1N5,,,
406,La Soupière de Jonquière,Action communautaire,La Soupière de Jonquière,,,Jonquière,Québec,G7X7W6,(418)550-2516,(418)547-0976,
2560,La Table de la sécurité alimentaire de Jonquière,Action communautaire,tsaj.ca,2227.0,de Montfort,Jonquière,Québec,G7X4P6,(418)815-5126,,
403,La Tortue Noire,Art et culture,www.latortuenoire.com,165.0,Rue Racine Est,Chicoutimi,Québec,G7H5B8,(418)698-3403,,
1288,Le 15 km des Pichous,Événements,http://www.pichous.com/,1923.0,Rue des Hiboux,Chicoutimi,Québec,G7H7S3,,,
1100,Le centre alpha de La Baie et du Bas-Saguenay,Action communautaire,www.abc02,802.0,Boulevard de la Grande-Baie Nord,La Baie,Québec,G7B3K7,(418)697-0046,,(418)544-2459
532,Le Centre communautaire Horizon 3e âge Chicoutimi,Loisir,,2148.0,Rue Roussel,Chicoutimi,Québec,G7G1W5,(418)545-8317,,(418)602-1377
697,Le Choeur Dal Segno,Loisir,,1.0,Chemin Morin Sud,Saint-Ambroise,Québec,G7P2Y4,(418)547-0194,,
731,Le choeur Prélude inc.,Loisir,,2272.0,Rue Saint-Simon,Jonquière,Québec,G7X6E7,(418)547-1387,,
806,Le Club amitiés-loisirs de l'âge d'or St-Laurent de Jonquière ,Loisir,,4625.0,Rue Gilbert,Lac Kénogami,Québec,G7X7V6,(418)542-8125,,
879,Le Club d'âge d'or Sérénité,Loisir,,2975.0,Boulevard Saint-Jean-Baptiste,Chicoutimi,Québec,G7H7S9,(418)545-1108,,
448,Le club d'âge d'or «Les Sages» de St-Philippe de Jonquière,Loisir,club d'age d'or «les sages » de st-philippe ,3813.0,Rue de Beauvais,Jonquière,Québec,G7X8A2,,,
984,Le Comité des loisirs de Pibrac,Loisir,N/D,3078.0,Rue Saint-Dominique,Jonquière,Québec,G7Y1B2,(418)542-1020,,
2397,Le Déluge,Art et culture,www.ledelugefest.com,3583.0,Rue du Roi-Georges,Jonquière,Québec,G7x1v4,(418)592-7636,,
711,Le Havre du Fjord inc.,Action communautaire,www.havredufjord.com,2187.0,Rue Bonneau,Saguenay,Québec,G7S4B3,(418)548-0071,,(418)548-0073
583,Le Lobe,Art et culture,www.lelobe.com,114.0,Rue Bossé,Chicoutimi,Québec,G7J1L4,(418)690-3182,,(418)690-3182
1411,LE MAILLON,Action communautaire,http://www.lemaillon.com/,232.0,Rue Tessier,Chicoutimi,Québec,G7H4Z6,(418)543-3463,,(418)543-3531
774,Le Patro de Jonquière inc.,Action communautaire,www.patrojonquiere.org,2565.0,Rue Saint-Dominique,Jonquière,Québec,G7X6J6,(418)542-7536,,(418)542-5352
754,Le Prisme culturel inc.,Art et culture,www.prismeculturel.com,565.0,avenue de la coopérative,Saint-Bruno,Québec,G0W2L0,(418)212-8022,,(418)212-8022
753,Le prix littéraire Damase Potvin,Art et culture,www.damase-potvin.com,1911.0,6e Avenue,La Baie,Québec,G7B1S1,(418)698-3000 ext.4266,,(418)697-5087
729,Le rendez-vous musical de Laterrière à saveur régionale,Art et culture,www.rendezvousmusical.com,462.0,Rue De Tilly,Chicoutimi,QC,G7H4E3,(418)817-4187,,
446,Le Salon du livre du Saguenay-Lac-St-Jean,Art et culture,www.salondulivre.ca,,"2675, boul. du Royaume",Jonquière,Québec,G7X7W4,(418)542-7294,(418)815-1824,(418)542-3525
613,"Légion royale canadienne Succ. 209, Arvida",Loisir,legion209arvida.com,2691.0,Rue De La Salle,Jonquière,Québec,G7S2A8,(418)548-6732,,
579,Les artistes de la Maestria,Art et culture,http://www.lamaestria.ca/,92.0,Rue Monfette,Chicoutimi,Québec,G7H5T9,(418)545-1950,(418)698-6018,
286,Les ateliers d'arts plastiques de Jonquière,Art et culture,artsjonquiere.org,2180.0,Rue Burma,Jonquière,Québec,G7S2Y1,(418)699-6194,,(418)699-6194
291,Les bénévoles du Carrefour de santé de Jonquière,Action communautaire,,2230.0,Rue de l'Hôpital,Jonquière,Québec,G7X4H6,(418)695-7700,,
858,Les blés d'or de St-Antoine,Loisir,,1171.0,Rue de l'Estacade,Chicoutimi,Québec,G7J4T3,,,
617,Les Cercles de Fermières du Québec - Chicoutimi,Loisir,s/o,239.0,Rue Blackburn,Chicoutimi,Québec,G7H5V4,(418)545-1915,(418)557-0238,
623,Les cercles de fermières du Québec - Laterrière,Loisir,www.cfq.qc.ca,6166.0,Rue Notre-Dame,Laterrière,Québec,G7N1A1,(418)698-3000 ext.4193,,
628,Les cercles de fermières du Québec - Shipshaw,Loisir,,1983.0,Rue de la Montagne,Shipshaw,Québec,G7P1R4,(418)546-2382,(418)550-8901,
625,Les cercles de fermières du Québec - St-Alexis - La Baie,Loisir,,3346.0,Boulevard de la Grande-Baie Sud,La Baie,Québec,G7B1G2,(418)697-5080,,
625,Les cercles de fermières du Québec - St-Alexis - La Baie,Loisir,,2443.0,Rue des Gadeliers,La Baie,Québec,G7b4n9,(418)544-5898,,
626,Les cercles de fermières du Québec - St-Alphonse - La Baie,Loisir,S/O,1331.0,2ième avenue,La Baie,Québec,G7B1M6,(418)944-8201,(418)306-5141,
627,Les cercles de fermières du Québec - St-Antoine- Jonquière-Nord,Loisir,cercle des fermières du québec,821.0,Montée Duperré,Jonquière,Québec,G7X7V4,(418)547-6594,,
631,Les Cercles de fermières du Québec - St-Rosaire - Jonquière,Loisir,https://www.facebook.com/CercleStRosairedeJonquiere/,2664.0,rue St-Dominique,Jonquière,Québec,G7X6P4,(418)547-9215,(418)944-9215,
1295,Les classiques des sciences sociales,Art et culture,classiques.uqac.ca,159.0,Rue Beaupré,Chicoutimi,Québec,G7G4E5,,,
1064,Les Concerts de la Chapelle Saint-Cyriac,Art et culture,concertssaintcyriac.com,5618.0,Rue de la Chapelle,Lac Kénogami,Québec,G7X0H9,(418)542-0186,,
1071,Les Enfants comme les autres,Action communautaire,,3521.0,Rue du Roi-Georges,Jonquière,Québec,G7X1V6,(418)547-5910,,
874,Les Entreprises-Jeunesse inc.,Hors catégorie,www.entreprisesjeunesse.org,240.0,Rue Bossé,Chicoutimi,Québec,G7J1L9,(418)698-1176 ext.244,,(418)543-9912
1643,Les Espoirs AA du Saguenay - Lac-St-Jean,Hors catégorie,espoirsaaa.lheq.ca,431.0,Rue du Sauvignon,Chicoutimi,Québec,G7H0L6,(418)590-9118,,
821,Les Grandes veillées de La Baie,Art et culture,www.lesgrandesveillees.com,993.0,Rue Bagot,La Baie,Québec,G7B2N6,(418)306-8723,(418)544-6342,
715,Les Habitations partagées du Saguenay,Action communautaire,www.habitationspartageessaguenay.com,2505.0,Rue Saint-Hubert,Jonquière,Québec,G7X7W2,(418)695-5577,,
699,Les Jardins du Coin L.J.C.,Action communautaire,www.lesjardinsducoin.com,129.0,Rue Jacques-Cartier Est,Chicoutimi,Québec,G7H1Y4,(418)545-7347,,
701,"Les Jardins du Coin, Chicoutimi-Nord inc.",Action communautaire,www.jardinsducoin-chicoutiminord.com,230.0,Rue du Diamant,Chicoutimi,Québec,G7G3Z5,(418)698-6117,,(418)602-1202
1755,Les Marquis de Jonquière (LNAH),Hors catégorie,http://jonquiere.lnah.com/,1947.0,Rue Pellan,Jonquière,Québec,G7Z1R4,,,
2619,LES MARQUIS DE JONQUIÈRE 2019 (LNAH),Hors catégorie,,2315.0,Rue Pelletier,Jonquière,Québec,G7X6C2,,,
359,Les petits frères des pauvres - Les petits frères de Saguenay,Action communautaire,www.petitsfreres.ca/saguenay/,216.0,Rue des Oblats Ouest,Chicoutimi,Québec,g7j2b1,(581)221-0743,,
755,Les Porteurs de musique,Art et culture,porteursdemusique.org,2955.0,Rue Geoffrion,Jonquière,Québec,G7S2K3,(418)550-5078,,
2237,Les Productions Nopal,Événements,www.saguenayenfeu.com,4097.0,Rue Miro,Jonquière,Québec,G7Z0A3,(581)490-1958,,
1038,Les retraités de l'Alcan Saguenay et Lac Saint-Jean inc.,Loisir,,659.0,5e Avenue,La Baie,Québec,G7B1Y7,(418)544-0070,,
2077,Les Retraités Unis Inc.,Loisir,,1190.0,Rue Lorenzo-Genest,Chicoutimi,Québec,G7H6N9,(418)540-3997,,
440,Les Scouts 1er St-Dominique de Jonquière,Loisir,,3699.0,Rue Saint-Michel,Jonquière,Québec,G7X2J1,(581)254-252,(418)944-8292,
788,Les Services d'intégration sociale Nouvel essor du Saguenay inc.,Action communautaire,nouvelessor.com,68.0,Rue Jacques-Cartier Ouest,Chicoutimi,Québec,G7J1G1,(418)549-3614,,
41,Les Verts boisés du Fjord,Plein air,www.lvbf.org,122.0,Rue Labonté,Chicoutimi,Québec,G7k2k6,(418)973-4261,,
1280,LEUCAN Inc. - LEUCAN SAGUENAY,Action communautaire,https://www.leucan.qc.ca/fr/,475.0,Boulevard Talbot,Chicoutimi,Québec,G7H4A3,(418)602-3385,,(418)602-0706
2317,Ligue d'improvisation de Saguenay et des environs,Loisir,https://www.facebook.com/ImproLise/?ref=br_rs,101.0,Rue Briand,Chicoutimi,Québec,G7G1A3,(581)234-8716,,
914,Ligue navale du Canada division Québec,Loisir,,,Racine Est,Chicoutimi,Québec,G7H5B5,(418)673-7210,,
582,Local Jeunes Centre-Ville de Chicoutimi,Action communautaire,www.facebook.com/localjeunes.centreville.9,342.0,Rue du Havre,Chicoutimi,Québec,G7H1N4,(418)696-6564,(418)944-2620,
2123,LOISIRS DU PARC IMO HABITAT 2000,Loisir,,649.0,Rue Gosselin,Chicoutimi,Québec,G7J4K1,,,
566,Maison d'accueil et d'hébergement,Action communautaire,www.lachambree.com,,,Jonquière,Québec,G7X7W4,(418)547-7283,,(418)547-1876
578,Maison d'accueil pour sans-abri de Chicoutimi inc.,Action communautaire,fondationmlb.ca,299.0,Rue La Fontaine,Chicoutimi,Québec,G7H4T7,(418)549-3510,,(418)543-7444
529,Maison d'hébergement le Rivage de La Baie inc.,Action communautaire,www.lerivagedelabaie.com,,Succursale A,La Baie,Québec,g7b3r4,(418)544-4626,,(418)544-0489
563,Maison d'hébergement S.O.S. Jeunesse,Action communautaire,www.sosjeunesse.com,2196.0,Rue Bonneau,Jonquière,Québec,G7S4B2,(418)548-3870,,(418)548-1883
576,Maison de l'Espoir Saguenay-Lac-Saint-Jean inc.,Action communautaire,www.maisonespoir.com,3170.0,Chemin du Plateau Nord,La Baie,Québec,G7B0G9,(418)545-9274,,(418)545-8358
575,Maison de Quartier de Jonquière ,Hors catégorie,maisondequartier.org,3971.0,Rue du Vieux-Pont,Jonquière,Québec,G7X3M7,(418)542-8904 ext.26,,(418)542-1424
572,Maison des familles de La Baie,Action communautaire,maisondesfamillesdelabaie.com,864.0,Rue de la Fabrique,La Baie,Québec,G7B2S8,(418)544-0222,,(418)544-2610
567,Maison des jeunes,Action communautaire,mdjchicoutimi.com,199.0,Rue Belleau,Chicoutimi,Québec,G7H7S5,(418)698-3285,,(418)698-3284
570,Maison des jeunes de La Baie inc.,Action communautaire,,482.0,Rue Albert,La Baie,Québec,G7B3L4,(418)697-5097,,
569,Maison des jeunes de Shipshaw,Action communautaire,,4100.0,Rue des Ormes,Shipshaw,Québec,G7P1B4,(418)698-3000 ext.6770,,
803,Maison pour tous Saint-Jean-Eudes,Loisir,www.maisonpourtoussje.com,2182.0,Rue Bonneau,Jonquière,Québec,G7S4B2,(418)546-2040 ext.6704,,
1118,MicroEntreprendre Saguenay-Lac-Saint-Jean,Action communautaire,www.microentreprendre-saglac.ca,240.0,Rue Bossé,Chicoutimi,Québec,G7J1L9,(418)698-1176 ext.244,,
1301,Mission Internationale des Marins au Saguenay,Action communautaire,,1694.0,Rue Sirois,La Baie,Québec,G7B2S3,(418)544-3789,,
797,Moisson Saguenay-Lac-St-Jean inc.,Action communautaire,www.moissonslsj.org,1052.0,Rue Anthyme-Larouche,Chicoutimi,Québec,G7H1L9,(418)698-8808,,(418)698-0641
1120,Mouvement d'éducation populaire et d'action communautaire du Saguenay-Lac-St-Jean-Chibougamau-Chapais,Action communautaire,www.mepac.qc.ca,2372.0,Rue Saint-Dominique,Jonquière,Québec,G7X6K8,(418)412-4545,,(418)412-4546
2307,Mouvement des associations générales étudiantes de l'Université du Québec à Chicoutimi (MAGE-UQAC),Action communautaire,www.mageuqac.com,555.0,Boulevard de l'Université Est,Chicoutimi,Québec,G7H2B1,,,
791,Musée du Fjord,Art et culture,www.museedufjord.com,3346.0,boulevard de la Grande-Baie Sud,La Baie,Québec,G7B1G2,(418)697-5077,(186)669-75077,(418)697-5079
787,Objectif scène,Art et culture,www.objectifscene.com,700.0,Rue Racine Est,Chicoutimi,Québec,G7H1V2,(418)545-6015,(418)590-2218,
1106,Olympiques spéciaux Québec Saguenay,Sport,www.olympiquesspeciauxquebec.ca,1259.0,Rue de la Pulpe,Chicoutimi,Québec,G7J4X8,(418)812-3121,,
427,Opéra du Royaume,Art et culture,www.operaduroyaume.ca,700.0,Rue Racine Est,Chicoutimi,Québec,G7H1V2,(418)545-2787,,
784,Orchestre des jeunes du Saguenay-Lac-Saint-Jean,Art et culture,www.lorchestre.org/jeunes,202.0,Rue Jacques-Cartier Est,Chicoutimi,Québec,G7H6R8,(418)545-3409,,
783,Orchestre Harmonique de La Baie,Loisir,orchestreharmoniquelabaie.com,1112.0,Rue des Peupliers,La Baie,Québec,G7B3E7,(418)590-1715 ext.0,(0)- ext.0,(0)-
782,Orchestre symphonique du Saguenay-Lac-St-Jean,Art et culture,www.lorchestre.org,202.0,Rue Jacques-Cartier Est,Chicoutimi,Québec,G7H6R8,(418)545-3409,(0)-,(0)-
60,Organisation du baseball mineur de Jonquière (O.B.M.J.) inc.,Sport,https://kreezee.com/baseball/organisation/baseball-mineur-jonquiere/8580,3507.0,Boulevard Saint-François,Jonquière,Québec,G7X2W5,(418)698-3345 ext.6,,
1218,Organisme de bassin versant du Saguenay,Plein air,http://www.obvsaguenay.org/,397.0,Rue Racine Est,Saguenay,Québec,G7H1S8,(418)973-4321,,
776,Palli-aide accompagnement en soins palliatifs du Saguenay inc.,Action communautaire,www.palliaide.com,110.0,Rue Racine Est,Chicoutimi,Québec,G7H1R2,(418)690-0478,,(418)690-8932
2095,Panache (festival mode),Événements,www.modepanache.com,459.0,Rue Racine Est,Chicoutimi,Québec,G7H1T5,(418)545-1115,,
2095,Panache (festival mode),Événements,www.modepanache.com,8092.0,,Chicoutimi,Québec,G7H5B5,,,
1147,Parkinson Saguenay-Lac-Saint-Jean,Action communautaire,parkinson-slsj.ca,2208.0,rue Roussel,Chicoutimi,Québec,G7G1W7,(418)973-7003,,
920,Partenaires Centre-Ville de Jonquière (PCVJ) inc.,Événements,cvs.saguenay.ca/jonquiere,2354.0,Rue Saint-Dominique,Jonquière,Québec,G7X7W7,(418)698-3000 ext.5623,,(418)695-7356
793,Patrimoine aéronautique Saguenay-Lac-St-Jean,Art et culture,www.museebagotville.ca,,,La Baie,Québec,G0V1A0,,,
1107,Patrouille-secours Mont-Fortin,Plein air,,305.0,Rue de la Gaillarde,Chicoutimi,Québec,G7G4V2,(581)306-4658,(418)545-1252 ext.221,
1824,Patrouilleurs vélo Saguenay,Loisir,Velorouteduhorst.ca,1955.0,des Roitelets,Chicoutimi,Québec,G7H0J1,(418)820-7823,(418)540-1990,
973,Pavillon Bon-Air,Loisir,www.facebook.com/LoisirsQuartierStLuc,,Boulevard Sainte-Geneviève ,Chicoutimi,Québec,G7G0J9,(418)290-5246,,
897,Pétanque La Boule Sagueneenne,Sport,,2064.0,Rue des Hydrangées,Jonquière,Québec,G7S5S1,,,
1686,Popote express Chicoutimi,Action communautaire,,930.0,Rue Jacques-Cartier Est,Chicoutimi,Québec,G7H7K9,(418)690-1819,,
757,Popote Mobile de La Baie,Action communautaire,Page FaceBook Popote Mobile de La Baie,1244.0,5e Avenue (La Baie),Saguenay,Québec,G7B4J6,(418)544-6868,,(418)306-8666
1865,Premiers Secours Saguenay,Hors catégorie,pssaguenay.com,3849.0,Rue Gagnon,Jonquière,Québec,G7X2E4,(418)512-0504,,
751,Productions Zan,Art et culture,www.sidanse.com,990.0,Boulevard du Royaume Ouest,Chicoutimi,Québec,G7H5B1,(418)602-4001,,
1784,Promotion Saguenay inc.,Hors catégorie,,295.0,Rue Racine Est,Chicoutimi,Québec,G7H5B7,(418)698-3157,,
748,Racines gumboot,Art et culture,www.facebook.com/racinesgumboot,165.0,Rue Racine Est,Chicoutimi,Québec,G7H5B8,(418)812-7703,,
929,Radio amateur Saguenay-Lac-Saint-Jean,Loisir,ve2crs.org,,,Jonquière,Québec,G7X7X8,(418)547-1680,,
2638,Raid du Fjord,Événements,https://raiddufjord.ca/,820.0,Boulevard Barrette,Chicoutimi,Québec,G7J3C5,,,
59,Randonneurs du Saguenay,Plein air,www.randonneursdusaguenay.qc.ca,,Succursale Racine,Chicoutimi,Québec,G7H5B5,(418)549-5369,,
743,Regroupement acadien Saguenay-Lac-Saint-Jean inc.,Loisir,,1975.0,Rue Ozanne,Jonquière,Québec,G7X5B1,(418)542-3725,,(418)542-8366
591,Regroupement des centres d'alphabétisation mot à mot,Action communautaire,,410.0,Rue des Ormes,Shipshaw,Québec,G7P1L6,(418)695-5385,,
2562,Regroupement des personnes atteintes de troubles de l'humeur,Action communautaire,http://www.rdpath.org,232.0,Rue Tessier,Chicoutimi,Québec,G7H4Z6,(418)543-3463 ext.20,,
730,Regroupement des sourds et malentendants du Saguenay–Lac-St-Jean,Action communautaire,,2435.0,Rue Saint-Jean-Baptiste,Jonquière,Québec,G8A1X3,(418)695-7700 ext.2461,,(418)695-7092
2390,Réseau des organismes Lac Kénogami ROLK,Action communautaire,www.rolk.org,3000.0,Chemin de l'Église,Lac Kénogami,Québec,G7X7V6,(418)542-0186,,
412,S.P.C.A. Saguenay (Société pour la prévention de la cruauté envers les animaux),Hors catégorie,www.spcasaguenay.com,2359.0,Rue Cantin,Jonquière,Québec,G7X8S7,,,
622,Saguenay en neige inc.,Événements,www.saguenayenneige.com,2435.0,Rue Saint-Jean-Baptiste  suite 210,Jonquière,Québec,G8A1X3,(418)695-1769,,(418)695-2311
1262,Saguenay Swing,Loisir,www.saguenayswing.com,294.0,Rue Saint-Onésime,Chicoutimi,Québec,G7J3J5,(418)815-5703,(581)221-0531,
62,Saguenay Synchro,Sport,www.saguenaysynchro.com,351.0,Rue de Saint-Urbain,Chicoutimi,Québec,G7H7J8,,,
445,Sauvetage région 02 inc.,Hors catégorie,www.sauvetage02.org,109.0,Rue Jean-Langevin,Chicoutimi,Québec,G7H3T9,(418)543-2467,,
2352,Séjour Marie Fitzbach,Action communautaire,Aucun,523.0,Rue des Chevaliers,Chicoutimi,Québec,G7H5P6,,,
1125,Service alimentaire La Recette,Action communautaire,epicerielarecette.com,216.0,Rue des Oblats Ouest,Chicoutimi,Québec,G7J2B1,(418)698-0230,,(418)698-0990
438,Service budgétaire et communautaire de Chicoutimi,Action communautaire,www.servicebudgetaire.org,2230.0,Rue Roussel,Chicoutimi,Québec,G7G1W8,(418)549-7597 ext.6,,(418)549-1325
1131,Service budgétaire et communautaire de Jonquière,Action communautaire,www.servicebudgetairejonquiere.org,2303.0,Rue Sir-Wilfrid-Laurier bureau 204,Jonquière,Québec,G7X5Z2,(418)412-4447,,(418)412-4457
1074,Service budgétaire populaire de La Baie et Bas Saguenay,Action communautaire,www.servicebudgetairelabaie.com,524.0,Boulevard de la Grande-Baie Sud,La Baie,Québec,G7B2C7,(418)544-5611,,
1127,Service communautaire de consultation individualisée de Chicoutimi Inc.,Action communautaire,www.scci02.ca,602.0,Rue Racine Est,Chicoutimi,Québec,G7H1V1,(418)545-0886 ext.104,,(418)545-0104
924,Service de travail de rue de Chicoutimi,Action communautaire,https://www.travailderue-chicoutimi.org/,221.0,Rue Tessier,Chicoutimi,Québec,G7H1K4,(418)545-0999,,(418)545-8684
434,Sessions musicales Intermezzo Saguenay inc.,Art et culture,facebook Camp Musical  Intermezzo,1910.0,Rue du Centre,Jonquière,Québec,G7S2X3,(418)548-0707,(418)817-4397,
431,Société Alzheimer de la Sagamie,Action communautaire,ALZHEIMERSLSJ.COM,690.0,Rue Saint-Sacrement O.,Alma,Québec,G8B4N9,(418)668-0161,,(418)668-2639
67,Société Bélu inc.,Plein air,www.montbelu.com,4855.0,Boulevard de la Grande-Baie Sud,La Baie,Québec,G7B3R3,(418)697-5090,,
426,Société d'étude et de conférences,Loisir,www.uqac.ca/secnautesaglac/,370.0,Rue de Normandie,Chicoutimi,Québec,G7H3G5,(418)549-6966,,(418)549-0989
414,Société d'horticulture de Jonquière,Loisir,shj.fsheq.com,4002.0,Rue de la Loire,Jonquière,Québec,G8A1E9,(418)695-0054,,
425,Société d'horticulture et d'écologie de Chicoutimi,Loisir,www.horticulturechicoutimi.ca,165.0,Rue Racine Est,Chicoutimi,Québec,G7H1R5,(418)549-9448,,
422,Société de développement culturel de Québec Issime,Art et culture,,2795.0,Rue Hocquart,Jonquière,Québec,G7S1X7,(418)512-0855,,
415,Société de l'autisme de la région du Saguenay-Lac-St-Jean,Action communautaire,http://www.autisme02.com,110.0,Rue Racine Est,Chicoutimi,Québec,G7H1R2,(418)543-7088 ext.1,,
457,Société de Saint-Vincent-de-Paul conseil provincial du Québec - Conseil particulier de La Baie Bas Saguenay,Action communautaire,N/D,588.0,Rue des Érables,La Baie,Québec,G7B3C9,(418)690-7912,,
2489,Société de Saint-Vincent-de-Paul conseil provincial du Québec - Conseil Particulier St-Cyrille de Chicoutimi,Action communautaire,,189.0,Rue de la Gaillarde,Chicoutimi,Québec,G7G4V2,,,
2094,Société de transport du Saguenay,Hors catégorie,,1330.0,Rue Bersimis,Chicoutimi,Québec,G7K1A5,(418)545-3683 ext.6438,,(418)545-9976
413,Société historique du Saguenay,Art et culture,www.shistoriquesaguenay.com/,930.0,Rue Jacques-Cartier Est Local C-103,"Saguenay, arr. Chicoutimi",Québec,G7H7K9,(418)549-2805 ext.0,,
1081,Soupière de La Baie,Action communautaire,,1184.0,2e Rue,La Baie,Québec,G7B2G4,(418)544-1815,(418)544-7874,
2628,Soupière Kénogami (Sainte-Famille),Action communautaire,,1966.0,Rue Ozanne,Jonquière,Québec,G7X5A9,,,
108,Symposium international de peinture et sculpture du Saguenay-Lac-St-Jean,Art et culture,www.symposiumsaguenay.com,1.0,Racine est,Chicoutimi,Québec,G7H5C8,(418)718-9960,,
2297,Table de lutte contre la pauvreté de Chicoutimi,Action communautaire,www.tlpchicoutimi.com,508.0,Rue Saint-Augustin,Chicoutimi,Québec,G7J2J9,(418)696-2188,,
1073,Table régionale de concertation des aînés du Saguenay-Lac-St-Jean,Action communautaire,aines-saglac.com,,3791 rue de la Fabrique C.P. 664 Centre-ville,Jonquière,Québec,G7X7W4,(418)699-7229,,(418)512-7229
952,Technoscience Saguenay-Lac-Saint-Jean,Loisir,www.technoscience-saglac.ca,414.0,Collard Ouest,Alma,Québec,G8B1N2,(418)668-4792,,(418)668-0265
105,Tel-Aide Saguenay-Lac St-Jean/Côte Nord,Action communautaire,telaide02.org,,Rue Jolliet,Chicoutimi,Québec,G7H5B7,(418)695-1709,,
2547,TEST MARTIN,Sport,,2400.0,Rue des Saules,Jonquière,Québec,G8A2J4,(581)235-2951,,
102,Théâtre 100 masques,Art et culture,www.theatre100masques.com,165.0,Rue Racine Est,Chicoutimi,Québec,G7H5B5,(418)698-3895,,(418)698-3280
101,Théâtre à bout portant,Art et culture,www.theatreaboutportant.com,772.0,Rue Notre-Dame,La Baie,Québec,G7B2T9,(418)290-0207,,
100,Théâtre CRI,Art et culture,www.theatrecri.ca,4160.0,Rue du Vieux-Pont,Jonquière,Québec,G8A2G9,(418)542-1129,,
99,Théâtre du Faux Coffre,Art et culture,www.fauxcoffre.ca,165.0,Rue Racine Est,Chicoutimi,Québec,G7H5b8,(418)698-3000 ext.6561,,
96,Théâtre les Amis de chiffon inc.,Art et culture,www.amisdechiffon.qc.ca,165.0,Rue Racine Est,Chicoutimi,Québec,G7H5B8,(418)549-7061,,(418)549-6178
2550,Tournoi de basketball du Saguenay,Événements,http://tournoidusaguenay.com/,770.0,rue Baillargeon,Chicoutimi,Québec,G7H2T5,(418)812-5950,,
2227,Tournoi provincial de hockey Pee Wee de Jonquière inc.,Événements,www.tournoipeewee.com,2435.0,Rue Saint-Jean-Baptiste,Jonquière,Québec,G7X7W8,(418)812-5777,,
2245,Triolait,Action communautaire,triolait.ca,240.0,Rue Bossé,Chicoutimi,Québec,G7J1L9,(581)560-9956,,
63,Vélo Saguenay,Plein air,www.velochicoutimi.qc.ca,1412.0,Chemin de la Réserve,Chicoutimi,Québec,G7J0K2,(418)550-8996,,
2322,Vie Active Saguenay,Loisir,,2968.0,Rue Sainte-Monique,Saguenay ,Québec ,g7s5z5,(418)590-4133,,
918,Vitalisation de Kénogami (CVK) inc.,Événements,cvs.saguenay.ca/kenogami,2354.0,Rue Saint-Dominique,Jonquière,Québec,G7X7W7,(418)698-3147 ext.6154,,
87,"Voitures anciennes du Québec, Saguenay-Lac-St-Jean",Loisir,www.vasl.qc.ca,212.0,Rue Potvin,Laterrière,Québec,G7n2a5,(418)820-1317,,
1090,Voyageurs de Jonquière inc. (Les),Sport,www.voyageurs.ca,2388.0,Rue du Long-Sault,Jonquière,Québec,G7X4H9,(418)547-8179,,
55,Water-polo Saguenay,Sport,http://www.waterpolosaguenay.sitew.ca,1892.0,Rue Neilson,Jonquière,Québec,G7S2W7,(418)548-2263,,
86,Zone d'Intervention Prioritaire (ZIP) Saguenay-Charlevoix,Plein air,https://zipsaguenaycharlevoix.ca,240.0,Rue Bossé,Chicoutimi,Québec,G7J1L9,(438)821-8998,,
