Alias du bureau,Code du bureau,Nom de la circonscription,Nom du canton,Nom du lieu de vote,Nom de la commune (UGLE),Nombre d'électeurs,Nom du tour de scrutin,Emargements à 10:00,Emargements à 12:00,Emargements à 14:00,Emargements à 16:00,Emargements à 18:00,Emargements à 19:00,Nombre d'enveloppes et bulletins,Nombre de bulletins blancs,Nombre de bulletins nuls,Nombre de suffrages exprimés,Nombre d'enveloppes,Nombre de bulletins sans enveloppe,Nombre d'inscrits,Nombre d'émargements,Nombre de procurations,Nombre de centaines possibles,Voix pour M. BRANCHE  Romain et Mme. PELLOUX-GERVAIS Isabelle,Voix pour Mme. ROMERA Sophie et M. TROCME Benjamin,Voix pour Mme. DESPLANQUES Axelle et M. TISSOT Grégory,Voix pour Mme. CARRIERE Louve et M. COEUR Alain,Voix pour M. DUPONT-FERRIER Stéphane et Mme. SPINI ALIM Dominique,Voix pour Mme. POSTEL Sylviane et M. VIRETTE Jean-Louis,Voix pour M. CUCAROLLO Jérôme et Mme. KAZAZIAN-BALESTAS Eléonore,Voix pour Mme. PEREZ Kathy et M. PERIER François-Marie,Voix pour M. LAVAL Sylvain et Mme. SEGHIER Sabrina,Voix pour M. BILLOUET Simon et Mme. COUVENT Pauline,Voix pour Mme. HAMEDI Sandra et M. THIRIET Adam,Voix pour Mme. BACHA Néjia et M. EDWIGE Romain,Voix pour Mme. GAUVIN Valérie et M. OROSCO Damien,Voix pour Mme. DUPRE Christel et M. VIRONE Joseph,Voix pour Mme. GERMAIN Amandine et M. TCHETCHE Pierre Didier,Voix pour M. CHAPPET Clément et Mme. MANSOURI Hanane,Voix pour M. BIJU-DUVAL Bertrand et Mme. MOKONDJIMOBE Leila Angela
SIMONE LAGRANGE 1er bureau,1,38-03,Grenoble-1,SIMONE LAGRANGE,Grenoble,648,Grenoble Elections départementales 2021 Tour 1,64.0,64.0,91.0,119.0,156.0,173.0,187,4,2,181,187.0,0.0,648,187,4.0,2,24.0,107.0,22.0,28.0,,,,,,,,,,,,,
SIMONE LAGRANGE 2ème bureau,2,38-03,Grenoble-1,SIMONE LAGRANGE,Grenoble,858,Grenoble Elections départementales 2021 Tour 1,130.0,130.0,170.0,223.0,280.0,311.0,318,3,7,308,,,858,318,8.0,4,59.0,165.0,36.0,48.0,,,,,,,,,,,,,
BERRIAT 1er bureau,3,38-01,Grenoble-1,BERRIAT,Grenoble,1157,Grenoble Elections départementales 2021 Tour 1,159.0,159.0,196.0,253.0,327.0,369.0,383,7,2,374,383.0,0.0,1157,383,20.0,4,58.0,207.0,33.0,76.0,,,,,,,,,,,,,
BERRIAT 2ème bureau,4,38-01,Grenoble-1,BERRIAT,Grenoble,967,Grenoble Elections départementales 2021 Tour 1,117.0,117.0,157.0,199.0,265.0,290.0,312,5,1,306,,,967,312,10.0,4,22.0,208.0,25.0,51.0,,,,,,,,,,,,,
BUFFON 1er bureau,5,38-03,Grenoble-1,BUFFON,Grenoble,1257,Grenoble Elections départementales 2021 Tour 1,165.0,165.0,217.0,268.0,378.0,432.0,471,11,1,459,471.0,0.0,1257,471,25.0,5,44.0,332.0,24.0,59.0,,,,,,,,,,,,,
BUFFON 2ème bureau,6,38-03,Grenoble-1,BUFFON,Grenoble,1175,Grenoble Elections départementales 2021 Tour 1,144.0,144.0,197.0,244.0,337.0,359.0,387,7,4,376,387.0,0.0,1175,387,23.0,4,33.0,278.0,20.0,45.0,,,,,,,,,,,,,
DIDEROT 1er bureau,7,38-03,Grenoble-1,DIDEROT,Grenoble,1134,Grenoble Elections départementales 2021 Tour 1,170.0,170.0,226.0,280.0,381.0,414.0,446,10,3,433,446.0,0.0,1134,446,27.0,5,33.0,301.0,46.0,53.0,,,,,,,,,,,,,
AMPERE 1er bureau,8,38-03,Grenoble-1,AMPERE,Grenoble,1213,Grenoble Elections départementales 2021 Tour 1,149.0,149.0,195.0,255.0,370.0,431.0,459,8,6,445,459.0,0.0,1213,459,13.0,5,44.0,329.0,34.0,38.0,,,,,,,,,,,,,
AMPERE 2ème bureau,9,38-03,Grenoble-1,AMPERE,Grenoble,1336,Grenoble Elections départementales 2021 Tour 1,176.0,176.0,232.0,303.0,412.0,472.0,508,6,14,488,,,1336,508,23.0,6,29.0,368.0,36.0,55.0,,,,,,,,,,,,,
JOSEPH VALLIER 1er bureau,10,38-03,Grenoble-1,JOSEPH VALLIER,Grenoble,1275,Grenoble Elections départementales 2021 Tour 1,170.0,170.0,221.0,280.0,384.0,410.0,434,5,2,427,,,1275,434,22.0,5,36.0,262.0,38.0,91.0,,,,,,,,,,,,,
JOSEPH VALLIER 2ème bureau,11,38-03,Grenoble-1,JOSEPH VALLIER,Grenoble,1201,Grenoble Elections départementales 2021 Tour 1,125.0,125.0,178.0,217.0,276.0,313.0,333,7,3,323,333.0,0.0,1201,333,6.0,4,48.0,177.0,34.0,64.0,,,,,,,,,,,,,
EAUX CLAIRES 1er bureau,12,38-03,Grenoble-1,EAUX CLAIRES,Grenoble,965,Grenoble Elections départementales 2021 Tour 1,103.0,103.0,136.0,157.0,193.0,198.0,240,1,2,237,240.0,0.0,965,240,5.0,3,44.0,101.0,49.0,43.0,,,,,,,,,,,,,
EAUX CLAIRES 2ème bureau,13,38-03,Grenoble-1,EAUX CLAIRES,Grenoble,993,Grenoble Elections départementales 2021 Tour 1,129.0,129.0,177.0,234.0,288.0,317.0,349,14,4,331,349.0,0.0,993,349,15.0,4,46.0,166.0,50.0,69.0,,,,,,,,,,,,,
EAUX CLAIRES 3ème bureau,14,38-03,Grenoble-1,EAUX CLAIRES,Grenoble,1260,Grenoble Elections départementales 2021 Tour 1,135.0,135.0,179.0,242.0,344.0,362.0,389,5,1,383,389.0,0.0,1260,389,9.0,4,51.0,202.0,62.0,68.0,,,,,,,,,,,,,
EAUX CLAIRES 4ème bureau,15,38-03,Grenoble-1,EAUX CLAIRES,Grenoble,1170,Grenoble Elections départementales 2021 Tour 1,130.0,130.0,160.0,200.0,290.0,321.0,343,2,4,337,343.0,0.0,1170,343,7.0,4,42.0,220.0,26.0,49.0,,,,,,,,,,,,,
EAUX CLAIRES 5ème bureau,16,38-03,Grenoble-1,EAUX CLAIRES,Grenoble,726,Grenoble Elections départementales 2021 Tour 1,86.0,86.0,106.0,126.0,170.0,183.0,188,5,6,177,188.0,0.0,726,188,2.0,2,24.0,89.0,37.0,27.0,,,,,,,,,,,,,
ANATOLE France 1er bureau,17,38-03,Grenoble-1,ANATOLE FRANCE,Grenoble,825,Grenoble Elections départementales 2021 Tour 1,31.0,31.0,39.0,45.0,53.0,54.0,54,4,2,48,54.0,0.0,825,54,0.0,1,5.0,27.0,8.0,8.0,,,,,,,,,,,,,
ANATOLE France 2ème bureau,18,38-03,Grenoble-1,ANATOLE FRANCE,Grenoble,1060,Grenoble Elections départementales 2021 Tour 1,128.0,128.0,181.0,216.0,248.0,275.0,280,3,2,275,280.0,0.0,1060,280,10.0,3,64.0,90.0,63.0,58.0,,,,,,,,,,,,,
HOUILLE BLANCHE 1er bureau,19,38-03,Grenoble-1,HOUILLE BLANCHE,Grenoble,1195,Grenoble Elections départementales 2021 Tour 1,85.0,85.0,188.0,236.0,303.0,324.0,342,10,2,330,342.0,0.0,1195,341,10.0,4,52.0,147.0,50.0,81.0,,,,,,,,,,,,,
HOUILLE BLANCHE 2ème bureau,20,38-03,Grenoble-1,HOUILLE BLANCHE,Grenoble,1094,Grenoble Elections départementales 2021 Tour 1,71.0,71.0,176.0,212.0,270.0,293.0,312,11,4,297,312.0,0.0,1094,312,10.0,4,51.0,136.0,45.0,65.0,,,,,,,,,,,,,
EUROPOLE 1er bureau,21,38-03,Grenoble-1,EUROPOLE,Grenoble,583,Grenoble Elections départementales 2021 Tour 1,88.0,88.0,114.0,129.0,158.0,174.0,190,3,0,187,190.0,0.0,583,190,10.0,2,28.0,97.0,28.0,34.0,,,,,,,,,,,,,
EUROPOLE 2ème bureau,22,38-03,Grenoble-1,EUROPOLE,Grenoble,914,Grenoble Elections départementales 2021 Tour 1,70.0,70.0,150.0,197.0,253.0,294.0,307,6,3,298,307.0,0.0,914,307,7.0,4,47.0,155.0,36.0,60.0,,,,,,,,,,,,,
EUROPOLE 3ème bureau,23,38-03,Grenoble-1,EUROPOLE,Grenoble,994,Grenoble Elections départementales 2021 Tour 1,61.0,61.0,174.0,231.0,300.0,343.0,364,9,2,353,364.0,0.0,994,364,16.0,4,54.0,216.0,31.0,52.0,,,,,,,,,,,,,
SAINT LAURENT 1er bureau,24,38-01,Grenoble-2,SAINT LAURENT,Grenoble,563,Grenoble Elections départementales 2021 Tour 1,73.0,73.0,100.0,122.0,156.0,176.0,205,2,0,203,205.0,0.0,563,205,,3,,,,,24.0,10.0,134.0,6.0,29.0,,,,,,,,
BERLIOZ 1er bureau,25,38-01,Grenoble-2,BERLIOZ,Grenoble,1330,Grenoble Elections départementales 2021 Tour 1,204.0,204.0,270.0,330.0,429.0,489.0,504,6,0,498,504.0,0.0,1330,504,29.0,6,,,,,178.0,24.0,201.0,10.0,85.0,,,,,,,,
BERLIOZ 2ème bureau,26,38-01,Grenoble-2,BERLIOZ,Grenoble,1230,Grenoble Elections départementales 2021 Tour 1,204.0,204.0,260.0,305.0,415.0,445.0,470,6,4,460,470.0,0.0,1230,470,41.0,5,,,,,95.0,21.0,272.0,10.0,62.0,,,,,,,,
PORTE DE France 1er bureau,27,38-01,Grenoble-2,PORTE DE FRANCE,Grenoble,690,Grenoble Elections départementales 2021 Tour 1,48.0,48.0,116.0,150.0,201.0,233.0,255,9,3,243,255.0,0.0,690,255,11.0,3,,,,,32.0,18.0,152.0,2.0,39.0,,,,,,,,
JARDIN DE VILLE 1er bureau,28,38-01,Grenoble-2,JARDIN DE VILLE,Grenoble,1113,Grenoble Elections départementales 2021 Tour 1,108.0,108.0,216.0,260.0,357.0,391.0,412,2,9,401,412.0,0.0,1113,412,39.0,5,,,,,138.0,29.0,172.0,3.0,59.0,,,,,,,,
JARDIN DE VILLE 2ème bureau,29,38-01,Grenoble-2,JARDIN DE VILLE,Grenoble,945,Grenoble Elections départementales 2021 Tour 1,73.0,73.0,189.0,222.0,288.0,328.0,355,9,3,343,355.0,0.0,947,355,23.0,4,,,,,79.0,28.0,170.0,8.0,58.0,,,,,,,,
JEAN JAURES 1er bureau,30,38-01,Grenoble-2,JEAN JAURES,Grenoble,987,Grenoble Elections départementales 2021 Tour 1,100.0,100.0,199.0,258.0,348.0,381.0,409,8,4,397,409.0,0.0,987,409,12.0,5,,,,,83.0,36.0,207.0,12.0,59.0,,,,,,,,
VIEUX TEMPLE 1er bureau,31,38-01,Grenoble-2,VIEUX TEMPLE,Grenoble,1279,Grenoble Elections départementales 2021 Tour 1,123.0,123.0,199.0,232.0,302.0,364.0,399,1,3,395,399.0,0.0,1279,399,25.0,4,,,,,59.0,16.0,226.0,14.0,80.0,,,,,,,,
VIEUX TEMPLE 2ème bureau,32,38-01,Grenoble-2,VIEUX TEMPLE,Grenoble,940,Grenoble Elections départementales 2021 Tour 1,172.0,172.0,214.0,253.0,345.0,397.0,412,12,1,399,412.0,0.0,940,412,19.0,5,,,,,81.0,39.0,193.0,11.0,75.0,,,,,,,,
VIEUX TEMPLE 3ème bureau,33,38-01,Grenoble-2,VIEUX TEMPLE,Grenoble,844,Grenoble Elections départementales 2021 Tour 1,140.0,140.0,165.0,195.0,261.0,302.0,313,4,2,307,313.0,0.0,844,313,15.0,4,,,,,76.0,36.0,142.0,2.0,51.0,,,,,,,,
ILE VERTE 1er bureau,34,38-01,Grenoble-2,ILE VERTE,Grenoble,1011,Grenoble Elections départementales 2021 Tour 1,149.0,149.0,180.0,237.0,297.0,325.0,342,8,1,333,342.0,0.0,1011,342,11.0,4,,,,,52.0,35.0,206.0,5.0,35.0,,,,,,,,
ILE VERTE 2ème bureau,35,38-01,Grenoble-2,ILE VERTE,Grenoble,803,Grenoble Elections départementales 2021 Tour 1,136.0,136.0,176.0,211.0,270.0,291.0,313,6,4,303,313.0,0.0,803,313,11.0,4,,,,,45.0,40.0,159.0,9.0,50.0,,,,,,,,
MALHERBE 1er bureau,36,38-03,Grenoble-3,MALHERBE,Grenoble,772,Grenoble Elections départementales 2021 Tour 1,133.0,133.0,174.0,210.0,263.0,281.0,290,13,3,274,290.0,0.0,772,290,14.0,3,,,,,,,,,,158.0,48.0,11.0,57.0,,,,
MALHERBE 2ème bureau,37,38-03,Grenoble-3,MALHERBE,Grenoble,986,Grenoble Elections départementales 2021 Tour 1,115.0,115.0,150.0,192.0,241.0,254.0,265,12,3,250,265.0,0.0,986,265,5.0,3,,,,,,,,,,122.0,62.0,21.0,45.0,,,,
MALHERBE 3ème bureau,38,38-03,Grenoble-3,MALHERBE,Grenoble,771,Grenoble Elections départementales 2021 Tour 1,127.0,127.0,155.0,193.0,233.0,251.0,265,11,3,251,265.0,0.0,771,265,12.0,3,,,,,,,,,,148.0,52.0,17.0,34.0,,,,
BALADINS 1er bureau,39,38-03,Grenoble-3,BALADINS,Grenoble,918,Grenoble Elections départementales 2021 Tour 1,123.0,123.0,146.0,221.0,274.0,313.0,319,6,3,310,319.0,0.0,918,319,24.0,4,,,,,,,,,,202.0,51.0,29.0,28.0,,,,
BALADINS 2ème bureau,40,38-03,Grenoble-3,BALADINS,Grenoble,965,Grenoble Elections départementales 2021 Tour 1,73.0,73.0,91.0,114.0,164.0,180.0,193,7,3,183,193.0,0.0,965,193,13.0,2,,,,,,,,,,131.0,17.0,18.0,17.0,,,,
BALADINS 3ème bureau,41,38-03,Grenoble-3,BALADINS,Grenoble,902,Grenoble Elections départementales 2021 Tour 1,84.0,84.0,107.0,137.0,165.0,193.0,205,10,4,191,205.0,0.0,902,205,4.0,3,,,,,,,,,,113.0,42.0,14.0,22.0,,,,
TEISSEIRE 1er bureau,42,38-01,Grenoble-3,TEISSEIRE,Grenoble,1242,Grenoble Elections départementales 2021 Tour 1,158.0,158.0,191.0,214.0,281.0,301.0,298,7,5,286,298.0,0.0,1242,298,6.0,3,,,,,,,,,,130.0,71.0,25.0,60.0,,,,
TEISSEIRE 2ème bureau,43,38-01,Grenoble-3,TEISSEIRE,Grenoble,847,Grenoble Elections départementales 2021 Tour 1,63.0,63.0,82.0,97.0,122.0,130.0,134,6,0,128,134.0,0.0,847,134,2.0,2,,,,,,,,,,46.0,42.0,15.0,25.0,,,,
TAILLEFER 1er bureau,44,38-01,Grenoble-3,TAILLEFER,Grenoble,1213,Grenoble Elections départementales 2021 Tour 1,119.0,119.0,168.0,209.0,289.0,323.0,357,7,3,347,357.0,0.0,1213,356,17.0,4,,,,,,,,,,206.0,73.0,11.0,57.0,,,,
TAILLEFER 2ème bureau,45,38-01,Grenoble-3,TAILLEFER,Grenoble,902,Grenoble Elections départementales 2021 Tour 1,63.0,63.0,76.0,92.0,139.0,151.0,159,4,5,150,159.0,0.0,902,159,4.0,2,,,,,,,,,,64.0,33.0,19.0,34.0,,,,
TAILLEFER 3ème bureau,46,38-01,Grenoble-3,TAILLEFER,Grenoble,715,Grenoble Elections départementales 2021 Tour 1,62.0,62.0,78.0,87.0,108.0,121.0,126,6,3,117,126.0,0.0,715,126,1.0,2,,,,,,,,,,51.0,29.0,9.0,28.0,,,,
BAJATIERE 1er bureau,47,38-01,Grenoble-3,BAJATIERE,Grenoble,1180,Grenoble Elections départementales 2021 Tour 1,195.0,195.0,220.0,261.0,346.0,383.0,418,21,2,395,418.0,0.0,1180,418,18.0,5,,,,,,,,,,225.0,112.0,12.0,46.0,,,,
BAJATIERE 2ème bureau,48,38-01,Grenoble-3,BAJATIERE,Grenoble,1131,Grenoble Elections départementales 2021 Tour 1,148.0,148.0,198.0,224.0,294.0,333.0,372,11,3,358,372.0,0.0,1131,372,8.0,4,,,,,,,,,,231.0,67.0,18.0,42.0,,,,
ABBAYE 1er bureau,49,38-01,Grenoble-3,ABBAYE,Grenoble,1014,Grenoble Elections départementales 2021 Tour 1,64.0,64.0,160.0,198.0,252.0,264.0,282,4,2,276,282.0,0.0,1014,282,7.0,3,,,,,,,,,,151.0,57.0,14.0,54.0,,,,
ABBAYE 2ème Bureau,50,38-01,Grenoble-3,ABBAYE,Grenoble,826,Grenoble Elections départementales 2021 Tour 1,55.0,55.0,104.0,139.0,170.0,180.0,187,4,0,183,187.0,0.0,826,187,3.0,2,,,,,,,,,,109.0,38.0,7.0,29.0,,,,
LUCIE AUBRAC 1er bureau,51,38-01,Grenoble-3,LUCIE AUBRAC,Grenoble,1060,Grenoble Elections départementales 2021 Tour 1,81.0,81.0,175.0,215.0,268.0,286.0,319,7,1,311,319.0,0.0,1060,319,15.0,4,,,,,,,,,,186.0,75.0,9.0,41.0,,,,
LUCIE AUBRAC 2ème bureau,52,38-01,Grenoble-3,LUCIE AUBRAC,Grenoble,1315,Grenoble Elections départementales 2021 Tour 1,94.0,94.0,252.0,305.0,383.0,406.0,447,9,2,436,447.0,0.0,1315,447,10.0,5,,,,,,,,,,230.0,140.0,14.0,52.0,,,,
HOCHE 1er bureau,53,38-01,Grenoble-3,HOCHE,Grenoble,1241,Grenoble Elections départementales 2021 Tour 1,106.0,106.0,247.0,285.0,353.0,384.0,415,11,5,399,415.0,0.0,1241,415,16.0,5,,,,,,,,,,181.0,153.0,11.0,54.0,,,,
HOCHE 2ème bureau,54,38-01,Grenoble-3,HOCHE,Grenoble,1217,Grenoble Elections départementales 2021 Tour 1,68.0,68.0,149.0,177.0,222.0,245.0,281,4,1,276,281.0,0.0,1217,281,7.0,3,,,,,,,,,,143.0,88.0,13.0,32.0,,,,
HOCHE 3ème bureau,55,38-01,Grenoble-3,HOCHE,Grenoble,1055,Grenoble Elections départementales 2021 Tour 1,100.0,100.0,218.0,269.0,346.0,362.0,394,14,5,375,394.0,0.0,1055,394,15.0,4,,,,,,,,,,184.0,116.0,13.0,62.0,,,,
CLEMENCEAU 1er bureau,56,38-01,Grenoble-3,CLEMENCEAU,Grenoble,692,Grenoble Elections départementales 2021 Tour 1,56.0,56.0,74.0,92.0,112.0,130.0,139,5,2,132,139.0,0.0,692,139,8.0,2,,,,,,,,,,69.0,38.0,4.0,21.0,,,,
CLEMENCEAU 2ème bureau,57,38-01,Grenoble-3,CLEMENCEAU,Grenoble,1088,Grenoble Elections départementales 2021 Tour 1,114.0,114.0,152.0,187.0,260.0,275.0,289,8,2,279,289.0,0.0,1088,289,11.0,3,,,,,,,,,,159.0,74.0,11.0,35.0,,,,
CLEMENCEAU 3ème bureau,58,38-01,Grenoble-3,CLEMENCEAU,Grenoble,935,Grenoble Elections départementales 2021 Tour 1,114.0,114.0,142.0,202.0,272.0,304.0,318,10,1,307,318.0,0.0,935,318,5.0,4,,,,,,,,,,192.0,59.0,15.0,41.0,,,,
CLEMENCEAU 4ème bureau,59,38-01,Grenoble-3,CLEMENCEAU,Grenoble,946,Grenoble Elections départementales 2021 Tour 1,130.0,130.0,170.0,235.0,305.0,341.0,360,17,7,336,360.0,0.0,946,360,9.0,4,,,,,,,,,,192.0,77.0,20.0,47.0,,,,
MENON 1er bureau HOTEL de VILLE,60,38-01,Grenoble-3,MENON,Grenoble,821,Grenoble Elections départementales 2021 Tour 1,113.0,113.0,150.0,183.0,255.0,307.0,323,8,8,307,323.0,0.0,821,323,13.0,4,,,,,,,,,,172.0,97.0,7.0,31.0,,,,
MENON 2ème bureau,61,38-01,Grenoble-3,MENON,Grenoble,1227,Grenoble Elections départementales 2021 Tour 1,200.0,200.0,262.0,331.0,401.0,456.0,481,23,7,451,481.0,0.0,1227,481,19.0,5,,,,,,,,,,205.0,175.0,14.0,57.0,,,,
ALPHONSE DAUDET 1er bureau,62,38-03,Grenoble-4,ALPHONSE DAUDET,Grenoble,1148,Grenoble Elections départementales 2021 Tour 1,127.0,127.0,150.0,172.0,217.0,224.0,228,6,3,219,228.0,0.0,1148,228,3.0,3,,,,,,,,,,,,,,54.0,90.0,44.0,31.0
ALPHONSE DAUDET 2ème bureau,63,38-03,Grenoble-4,ALPHONSE DAUDET,Grenoble,738,Grenoble Elections départementales 2021 Tour 1,87.0,87.0,115.0,134.0,168.0,173.0,196,1,1,194,196.0,0.0,738,196,20.0,2,,,,,,,,,,,,,,26.0,110.0,26.0,32.0
BERTHE DE BOISSIEUX 1er bureau,64,38-01,Grenoble-4,BOISSIEUX,Grenoble,1075,Grenoble Elections départementales 2021 Tour 1,155.0,155.0,189.0,226.0,288.0,316.0,363,6,3,354,363.0,0.0,1075,363,6.0,4,,,,,,,,,,,,,,45.0,188.0,51.0,70.0
BERTHE DE BOISSIEUX 2ème bureau,65,38-01,Grenoble-4,BOISSIEUX,Grenoble,1122,Grenoble Elections départementales 2021 Tour 1,155.0,155.0,205.0,269.0,358.0,412.0,452,7,2,443,452.0,0.0,1122,452,30.0,5,,,,,,,,,,,,,,27.0,269.0,66.0,81.0
BERTHE DE BOISSIEUX 3ème bureau,66,38-01,Grenoble-4,BOISSIEUX,Grenoble,963,Grenoble Elections départementales 2021 Tour 1,137.0,149.0,184.0,223.0,303.0,343.0,379,5,5,369,379.0,0.0,963,379,16.0,4,,,,,,,,,,,,,,24.0,213.0,63.0,69.0
BERTHE DE BOISSIEUX 4ème bureau,67,38-01,Grenoble-4,BOISSIEUX,Grenoble,1015,Grenoble Elections départementales 2021 Tour 1,128.0,128.0,174.0,214.0,291.0,329.0,380,3,2,375,380.0,0.0,1015,380,22.0,4,,,,,,,,,,,,,,35.0,218.0,54.0,68.0
MARCEAU 1er bureau,68,38-01,Grenoble-4,MARCEAU,Grenoble,1091,Grenoble Elections départementales 2021 Tour 1,157.0,157.0,208.0,248.0,357.0,391.0,403,5,8,390,403.0,0.0,1091,403,16.0,5,,,,,,,,,,,,,,57.0,210.0,59.0,64.0
MARCEAU 2ème bureau,69,38-01,Grenoble-4,MARCEAU,Grenoble,1183,Grenoble Elections départementales 2021 Tour 1,168.0,168.0,229.0,293.0,383.0,428.0,480,14,1,465,480.0,0.0,1183,480,10.0,5,,,,,,,,,,,,,,43.0,264.0,68.0,90.0
ELISEE CHATIN 1er bureau,70,38-01,Grenoble-4,ELISEE CHATIN,Grenoble,745,Grenoble Elections départementales 2021 Tour 1,88.0,88.0,110.0,140.0,176.0,185.0,195,3,1,191,195.0,0.0,745,195,6.0,2,,,,,,,,,,,,,,31.0,84.0,43.0,33.0
ELISEE CHATIN 2ème bureau,71,38-01,Grenoble-4,ELISEE CHATIN,Grenoble,843,Grenoble Elections départementales 2021 Tour 1,127.0,127.0,147.0,179.0,213.0,234.0,250,6,1,243,250.0,0.0,843,250,5.0,3,,,,,,,,,,,,,,43.0,119.0,34.0,47.0
ELISEE CHATIN 3ème bureau,72,38-01,Grenoble-4,ELISEE CHATIN,Grenoble,820,Grenoble Elections départementales 2021 Tour 1,125.0,125.0,157.0,187.0,223.0,235.0,257,3,1,253,257.0,0.0,820,257,6.0,3,,,,,,,,,,,,,,35.0,138.0,46.0,34.0
CAPUCHE 1er bureau,73,38-01,Grenoble-4,CAPUCHE,Grenoble,1040,Grenoble Elections départementales 2021 Tour 1,148.0,148.0,185.0,224.0,293.0,293.0,323,8,4,311,323.0,0.0,1052,323,7.0,4,,,,,,,,,,,,,,52.0,167.0,39.0,53.0
SIDI BRAHIM 1er bureau,74,38-03,Grenoble-4,SIDI BRAHIM,Grenoble,849,Grenoble Elections départementales 2021 Tour 1,83.0,83.0,115.0,145.0,192.0,223.0,247,9,0,238,247.0,0.0,849,247,9.0,3,,,,,,,,,,,,,,48.0,118.0,29.0,43.0
SIDI BRAHIM 2ème bureau,75,38-03,Grenoble-4,SIDI BRAHIM,Grenoble,808,Grenoble Elections départementales 2021 Tour 1,102.0,102.0,149.0,183.0,238.0,256.0,316,9,1,306,316.0,0.0,808,316,15.0,4,,,,,,,,,,,,,,37.0,159.0,45.0,65.0
SIDI BRAHIM 3ème bureau,76,38-03,Grenoble-4,SIDI BRAHIM,Grenoble,1122,Grenoble Elections départementales 2021 Tour 1,142.0,142.0,177.0,215.0,284.0,318.0,354,3,3,348,,,1122,354,,4,,,,,,,,,,,,,,42.0,190.0,56.0,60.0
SIDI BRAHIM 4ème bureau,77,38-03,Grenoble-4,SIDI BRAHIM,Grenoble,667,Grenoble Elections départementales 2021 Tour 1,83.0,83.0,103.0,140.0,180.0,206.0,237,4,2,231,237.0,0.0,667,237,3.0,3,,,,,,,,,,,,,,33.0,131.0,30.0,37.0
VIGNY MUSSET 1er bureau,78,38-03,Grenoble-4,VIGNY MUSSET,Grenoble,1410,Grenoble Elections départementales 2021 Tour 1,129.0,129.0,158.0,197.0,235.0,267.0,300,12,4,284,300.0,0.0,1410,300,5.0,3,,,,,,,,,,,,,,57.0,123.0,48.0,56.0
VIGNY MUSSET 2ème Bureau,79,38-03,Grenoble-4,VIGNY MUSSET,Grenoble,748,Grenoble Elections départementales 2021 Tour 1,76.0,76.0,94.0,113.0,134.0,143.0,176,11,5,160,176.0,0.0,748,176,1.0,2,,,,,,,,,,,,,,39.0,74.0,21.0,26.0
BEAUVERT 1er bureau,80,38-03,Grenoble-4,BEAUVERT,Grenoble,853,Grenoble Elections départementales 2021 Tour 1,65.0,65.0,87.0,119.0,150.0,160.0,168,4,3,161,168.0,0.0,853,168,6.0,2,,,,,,,,,,,,,,25.0,83.0,23.0,30.0
BEAUVERT 2ème bureau,81,38-03,Grenoble-4,BEAUVERT,Grenoble,856,Grenoble Elections départementales 2021 Tour 1,110.0,110.0,130.0,161.0,203.0,221.0,238,7,2,229,238.0,0.0,856,238,1.0,3,,,,,,,,,,,,,,56.0,84.0,48.0,41.0
ARLEQUIN 1er bureau,82,38-03,Grenoble-4,ARLEQUIN,Grenoble,877,Grenoble Elections départementales 2021 Tour 1,37.0,37.0,48.0,83.0,98.0,106.0,118,4,0,114,118.0,0.0,877,118,1.0,2,,,,,,,,,,,,,,10.0,63.0,27.0,14.0
ARLEQUIN 2ème bureau,83,38-03,Grenoble-4,ARLEQUIN,Grenoble,837,Grenoble Elections départementales 2021 Tour 1,36.0,36.0,60.0,85.0,117.0,131.0,193,4,5,184,,,837,193,,2,,,,,,,,,,,,,,11.0,127.0,23.0,23.0
ARLEQUIN 3ème bureau,84,38-03,Grenoble-4,ARLEQUIN,Grenoble,641,Grenoble Elections départementales 2021 Tour 1,32.0,32.0,52.0,61.0,83.0,89.0,129,7,5,117,129.0,0.0,641,129,7.0,2,,,,,,,,,,,,,,13.0,65.0,14.0,25.0
VILLAGE OLYMPIQUE 1er bureau,85,38-03,Grenoble-4,VILLAGE OLYMPIQUE,Grenoble,755,Grenoble Elections départementales 2021 Tour 1,36.0,36.0,82.0,85.0,93.0,99.0,101,4,0,97,101.0,0.0,755,101,2.0,2,,,,,,,,,,,,,,15.0,46.0,23.0,13.0
VILLAGE OLYMPIQUE 2ème bureau,86,38-03,Grenoble-4,VILLAGE OLYMPIQUE,Grenoble,868,Grenoble Elections départementales 2021 Tour 1,38.0,38.0,80.0,94.0,111.0,114.0,115,2,1,112,115.0,0.0,868,115,5.0,2,,,,,,,,,,,,,,22.0,52.0,25.0,13.0
ANDRE ABRY 1er bureau,87,38-03,Grenoble-4,ANDRE ABRY,Grenoble,914,Grenoble Elections départementales 2021 Tour 1,48.0,48.0,80.0,115.0,188.0,198.0,216,1,2,213,216.0,0.0,914,216,3.0,3,,,,,,,,,,,,,,53.0,72.0,45.0,43.0
HOTEL DE VILLE,88,38-01,Grenoble-2,MENON HOTEL DE VILLE,Grenoble,38,Grenoble Elections départementales 2021 Tour 1,30.0,30.0,30.0,30.0,30.0,30.0,29,3,0,26,29.0,0.0,38,29,0.0,1,,,,,3.0,9.0,8.0,0.0,6.0,,,,,,,,
Fontanil-Cornillon,FONTA,38-01,Grenoble-2,,Grenoble,10,Grenoble Elections départementales 2021 Tour 1,,,,,,,899,13,8,878,899.0,0.0,2331,899,21.0,9,,,,,463.0,100.0,181.0,10.0,124.0,,,,,,,,
Mont-Saint-Martin,MONT-,38-01,Grenoble-2,,Grenoble,90,Grenoble Elections départementales 2021 Tour 1,,,,,,,53,3,0,50,53.0,0.0,90,53,3.0,1,,,,,8.0,2.0,12.0,2.0,26.0,,,,,,,,
Proveysieux,PROVE,38-01,Grenoble-2,,Grenoble,10,Grenoble Elections départementales 2021 Tour 1,,,,,,,195,2,0,193,195.0,0.0,405,195,0.0,2,,,,,24.0,28.0,66.0,11.0,64.0,,,,,,,,
Quaix-en-Chartreuse,QUAIX,38-01,Grenoble-2,,Grenoble,782,Grenoble Elections départementales 2021 Tour 1,,,,,,,330,4,3,323,330.0,0.0,782,330,17.0,4,,,,,42.0,21.0,98.0,3.0,159.0,,,,,,,,
Saint-Martin-le-Vinoux,SAINT,38-01,Grenoble-2,,Grenoble,10,Grenoble Elections départementales 2021 Tour 1,,,,,,,1141,10,5,1126,1141.0,0.0,3472,1140,33.0,12,,,,,142.0,112.0,310.0,16.0,546.0,,,,,,,,
Saint-Égrève,SAINT,38-01,Grenoble-2,,Grenoble,10,Grenoble Elections départementales 2021 Tour 1,,,,,,,4039,87,37,3915,4039.0,0.0,11451,4039,154.0,41,,,,,903.0,538.0,1644.0,78.0,752.0,,,,,,,,
Sarcenas,SARCE,38-01,Grenoble-2,,Grenoble,10,Grenoble Elections départementales 2021 Tour 1,,,,,,,92,0,3,89,92.0,0.0,195,92,4.0,1,,,,,7.0,7.0,45.0,1.0,29.0,,,,,,,,
